name,album,artist,release_date,length,popularity,danceability,acousticness,danceability,energy,instrumentalness,liveness,loudness,speechiness,tempo,time_signature,start_date,end_date
7 rings,"thank u, next",Ariana Grande,2/8/2019,178626,87,0.778,0.592,0.778,0.317,0,0.0881,-10.732,0.334,140.048,4,2/15/2019,2/22/2019
"break up with your girlfriend, i'm bored","thank u, next",Ariana Grande,2/8/2019,190440,80,0.726,0.0421,0.726,0.554,0,0.106,-5.29,0.0917,169.999,4,2/15/2019,2/22/2019
MIDDLE CHILD,MIDDLE CHILD,J. Cole,1/23/2019,213593,83,0.837,0.149,0.837,0.364,0,0.271,-11.713,0.276,123.984,4,2/15/2019,2/22/2019
Wow.,Wow.,Post Malone,12/24/2018,149520,18,0.833,0.163,0.833,0.539,2.10E-06,0.101,-7.399,0.178,99.947,4,2/15/2019,2/22/2019
Sunflower - Spider-Man: Into the Spider-Verse,Spider-Man: Into the Spider-Verse (Soundtrack From & Inspired by the Motion Picture),Various Artists,12/14/2018,158040,86,0.76,0.556,0.76,0.479,0,0.0703,-5.574,0.0466,89.911,4,2/15/2019,2/22/2019
Robbery,Robbery,Juice WRLD,2/13/2019,240527,0,0.708,0.342,0.708,0.691,0,0.222,-5.179,0.0442,79.99,4,2/15/2019,2/22/2019
Going Bad (feat. Drake),Championships,Meek Mill,11/30/2018,180522,82,0.889,0.259,0.889,0.496,0,0.252,-6.365,0.0905,86.003,4,2/15/2019,2/22/2019
a lot,i am > i was,21 Savage,12/21/2018,288624,80,0.837,0.0395,0.837,0.636,0.00125,0.342,-7.643,0.086,145.972,4,2/15/2019,2/22/2019
Thotiana,Famous Cryp,Blueface,12/18/2018,129264,37,0.906,0.18,0.906,0.382,0,0.113,-12.89,0.269,104.025,4,2/15/2019,2/22/2019
"thank u, next","thank u, next",Ariana Grande,2/8/2019,207320,85,0.717,0.229,0.717,0.653,0,0.101,-5.634,0.0658,106.966,4,2/15/2019,2/22/2019
7 rings,"thank u, next",Ariana Grande,2/8/2019,178626,87,0.778,0.592,0.778,0.317,0,0.0881,-10.732,0.334,140.048,4,2/22/2019,3/1/2019
"break up with your girlfriend, i'm bored","thank u, next",Ariana Grande,2/8/2019,190440,80,0.726,0.0421,0.726,0.554,0,0.106,-5.29,0.0917,169.999,4,2/22/2019,3/1/2019
MIDDLE CHILD,MIDDLE CHILD,J. Cole,1/23/2019,213593,83,0.837,0.149,0.837,0.364,0,0.271,-11.713,0.276,123.984,4,2/22/2019,3/1/2019
Wow.,Wow.,Post Malone,12/24/2018,149520,18,0.833,0.163,0.833,0.539,2.10E-06,0.101,-7.399,0.178,99.947,4,2/22/2019,3/1/2019
Sunflower - Spider-Man: Into the Spider-Verse,Spider-Man: Into the Spider-Verse (Deluxe Edition / Soundtrack From & Inspired By The Motion Picture),Various Artists,2/22/2019,158040,56,0.761,0.552,0.761,0.479,0,0.0704,-5.574,0.0466,89.913,4,2/22/2019,3/1/2019
Murder On My Mind,I AM YOU,YNW Melly,8/3/2018,268434,83,0.759,0.145,0.759,0.73,3.06E-06,0.11,-7.985,0.0516,115.007,4,2/22/2019,3/1/2019
Robbery,Robbery,Juice WRLD,2/13/2019,240527,0,0.708,0.342,0.708,0.691,0,0.222,-5.179,0.0442,79.99,4,2/22/2019,3/1/2019
Going Bad (feat. Drake),Championships,Meek Mill,11/30/2018,180522,82,0.889,0.259,0.889,0.496,0,0.252,-6.365,0.0905,86.003,4,2/22/2019,3/1/2019
a lot,i am > i was,21 Savage,12/21/2018,288624,80,0.837,0.0395,0.837,0.636,0.00125,0.342,-7.643,0.086,145.972,4,2/22/2019,3/1/2019
Thotiana,Famous Cryp,Blueface,12/18/2018,129264,37,0.906,0.18,0.906,0.382,0,0.113,-12.89,0.269,104.025,4,2/22/2019,3/1/2019
Sucker,Sucker,Jonas Brothers,3/1/2019,181040,13,0.842,0.0427,0.842,0.734,0,0.106,-5.065,0.0588,137.958,4,3/1/2019,3/8/2019
7 rings,"thank u, next",Ariana Grande,2/8/2019,178626,87,0.778,0.592,0.778,0.317,0,0.0881,-10.732,0.334,140.048,4,3/1/2019,3/8/2019
MIDDLE CHILD,MIDDLE CHILD,J. Cole,1/23/2019,213593,83,0.837,0.149,0.837,0.364,0,0.271,-11.713,0.276,123.984,4,3/1/2019,3/8/2019
Murder On My Mind,I AM YOU,YNW Melly,8/3/2018,268434,83,0.759,0.145,0.759,0.73,3.06E-06,0.11,-7.985,0.0516,115.007,4,3/1/2019,3/8/2019
Sunflower - Spider-Man: Into the Spider-Verse,Spider-Man: Into the Spider-Verse (Deluxe Edition / Soundtrack From & Inspired By The Motion Picture),Various Artists,2/22/2019,158040,56,0.761,0.552,0.761,0.479,0,0.0704,-5.574,0.0466,89.913,4,3/1/2019,3/8/2019
"break up with your girlfriend, i'm bored","thank u, next",Ariana Grande,2/8/2019,190440,80,0.726,0.0421,0.726,0.554,0,0.106,-5.29,0.0917,169.999,4,3/1/2019,3/8/2019
Robbery,Robbery,Juice WRLD,2/13/2019,240527,0,0.708,0.342,0.708,0.691,0,0.222,-5.179,0.0442,79.99,4,3/1/2019,3/8/2019
Wow.,Wow.,Post Malone,12/24/2018,149520,18,0.833,0.163,0.833,0.539,2.10E-06,0.101,-7.399,0.178,99.947,4,3/1/2019,3/8/2019
Going Bad (feat. Drake),Championships,Meek Mill,11/30/2018,180522,82,0.889,0.259,0.889,0.496,0,0.252,-6.365,0.0905,86.003,4,3/1/2019,3/8/2019
Shallow,A Star Is Born Soundtrack,Lady Gaga,10/5/2018,215733,86,0.572,0.371,0.572,0.385,0,0.231,-6.362,0.0308,95.799,4,3/1/2019,3/8/2019
MIDDLE CHILD,MIDDLE CHILD,J. Cole,1/23/2019,213593,83,0.837,0.149,0.837,0.364,0,0.271,-11.713,0.276,123.984,4,3/15/2019,3/22/2019
Sunflower - Spider-Man: Into the Spider-Verse,Spider-Man: Into the Spider-Verse (Soundtrack From & Inspired by the Motion Picture),Various Artists,12/14/2018,158040,86,0.76,0.556,0.76,0.479,0,0.0703,-5.574,0.0466,89.911,4,3/15/2019,3/22/2019
7 rings,"thank u, next",Ariana Grande,2/8/2019,178626,87,0.778,0.592,0.778,0.317,0,0.0881,-10.732,0.334,140.048,4,3/15/2019,3/22/2019
Sucker,Sucker,Jonas Brothers,3/1/2019,181040,13,0.842,0.0427,0.842,0.734,0,0.106,-5.065,0.0588,137.958,4,3/15/2019,3/22/2019
Murder On My Mind,I AM YOU,YNW Melly,8/3/2018,268434,83,0.759,0.145,0.759,0.73,3.06E-06,0.11,-7.985,0.0516,115.007,4,3/15/2019,3/22/2019
Wow.,Wow.,Post Malone,12/24/2018,149520,18,0.833,0.163,0.833,0.539,2.10E-06,0.101,-7.399,0.178,99.947,4,3/15/2019,3/22/2019
Going Bad (feat. Drake),Championships,Meek Mill,11/30/2018,180522,82,0.889,0.259,0.889,0.496,0,0.252,-6.365,0.0905,86.003,4,3/15/2019,3/22/2019
Robbery,Death Race For Love,Juice WRLD,3/8/2019,240050,89,0.685,0.328,0.685,0.692,0,0.153,-5.122,0.0457,159.966,5,3/15/2019,3/22/2019
"break up with your girlfriend, i'm bored","thank u, next",Ariana Grande,2/8/2019,190440,80,0.726,0.0421,0.726,0.554,0,0.106,-5.29,0.0917,169.999,4,3/15/2019,3/22/2019
Swervin (feat. 6ix9ine),Hoodie SZN,A Boogie Wit da Hoodie,12/21/2018,189486,81,0.581,0.0153,0.581,0.662,0,0.111,-5.239,0.303,93.023,4,3/15/2019,3/22/2019
Sunflower - Spider-Man: Into the Spider-Verse,Spider-Man: Into the Spider-Verse (Soundtrack From & Inspired by the Motion Picture),Various Artists,12/14/2018,158040,86,0.76,0.556,0.76,0.479,0,0.0703,-5.574,0.0466,89.911,4,3/22/2019,3/29/2019
MIDDLE CHILD,MIDDLE CHILD,J. Cole,1/23/2019,213593,83,0.837,0.149,0.837,0.364,0,0.271,-11.713,0.276,123.984,4,3/22/2019,3/29/2019
Old Town Road,Old Town Road,Lil Nas X,3/14/2019,113013,8,0.908,0.0361,0.908,0.517,1.73E-06,0.0949,-6.063,0.129,136.019,4,3/22/2019,3/29/2019
7 rings,"thank u, next",Ariana Grande,2/8/2019,178626,87,0.778,0.592,0.778,0.317,0,0.0881,-10.732,0.334,140.048,4,3/22/2019,3/29/2019
Murder On My Mind,I AM YOU,YNW Melly,8/3/2018,268434,83,0.759,0.145,0.759,0.73,3.06E-06,0.11,-7.985,0.0516,115.007,4,3/22/2019,3/29/2019
Wow.,Wow.,Post Malone,12/24/2018,149520,18,0.833,0.163,0.833,0.539,2.10E-06,0.101,-7.399,0.178,99.947,4,3/22/2019,3/29/2019
Sucker,Sucker,Jonas Brothers,3/1/2019,181040,13,0.842,0.0427,0.842,0.734,0,0.106,-5.065,0.0588,137.958,4,3/22/2019,3/29/2019
Going Bad (feat. Drake),Championships,Meek Mill,11/30/2018,180522,82,0.889,0.259,0.889,0.496,0,0.252,-6.365,0.0905,86.003,4,3/22/2019,3/29/2019
Swervin (feat. 6ix9ine),Hoodie SZN,A Boogie Wit da Hoodie,12/21/2018,189486,81,0.581,0.0153,0.581,0.662,0,0.111,-5.239,0.303,93.023,4,3/22/2019,3/29/2019
"break up with your girlfriend, i'm bored","thank u, next",Ariana Grande,2/8/2019,190440,80,0.726,0.0421,0.726,0.554,0,0.106,-5.29,0.0917,169.999,4,3/22/2019,3/29/2019
bad guy,"WHEN WE ALL FALL ASLEEP, WHERE DO WE GO?",Billie Eilish,3/29/2019,194087,89,0.701,0.328,0.701,0.425,0.13,0.1,-10.965,0.375,135.128,4,3/29/2019,4/5/2019
Old Town Road,Old Town Road,Lil Nas X,3/14/2019,113013,8,0.908,0.0361,0.908,0.517,1.73E-06,0.0949,-6.063,0.129,136.019,4,3/29/2019,4/5/2019
wish you were gay,"WHEN WE ALL FALL ASLEEP, WHERE DO WE GO?",Billie Eilish,3/29/2019,221543,81,0.853,0.39,0.853,0.351,9.38E-06,0.752,-10.198,0.241,118.028,4,3/29/2019,4/5/2019
bury a friend,"WHEN WE ALL FALL ASLEEP, WHERE DO WE GO?",Billie Eilish,3/29/2019,193143,81,0.905,0.74,0.905,0.389,0.162,0.106,-14.505,0.332,120.046,4,3/29/2019,4/5/2019
when the party's over,"WHEN WE ALL FALL ASLEEP, WHERE DO WE GO?",Billie Eilish,3/29/2019,196077,87,0.367,0.978,0.367,0.111,3.97E-05,0.0897,-14.084,0.0972,82.642,4,3/29/2019,4/5/2019
Sunflower - Spider-Man: Into the Spider-Verse,Spider-Man: Into the Spider-Verse (Soundtrack From & Inspired by the Motion Picture),Various Artists,12/14/2018,158040,86,0.76,0.556,0.76,0.479,0,0.0703,-5.574,0.0466,89.911,4,3/29/2019,4/5/2019
xanny,"WHEN WE ALL FALL ASLEEP, WHERE DO WE GO?",Billie Eilish,3/29/2019,243725,78,0.521,0.751,0.521,0.125,0.00207,0.265,-17.832,0.239,111.554,4,3/29/2019,4/5/2019
all the good girls go to hell,"WHEN WE ALL FALL ASLEEP, WHERE DO WE GO?",Billie Eilish,3/29/2019,168839,80,0.726,0.283,0.726,0.444,0.143,0.177,-8.922,0.372,185.044,4,3/29/2019,4/5/2019
MIDDLE CHILD,MIDDLE CHILD,J. Cole,1/23/2019,213593,83,0.837,0.149,0.837,0.364,0,0.271,-11.713,0.276,123.984,4,3/29/2019,4/5/2019
my strange addiction,"WHEN WE ALL FALL ASLEEP, WHERE DO WE GO?",Billie Eilish,3/29/2019,179889,78,0.939,0.35,0.939,0.305,0.000169,0.105,-10.952,0.354,100.029,4,3/29/2019,4/5/2019
Old Town Road (feat. Billy Ray Cyrus) - Remix,Old Town Road,Lil Nas X,4/5/2019,157066,11,0.878,0.0533,0.878,0.619,0,0.113,-5.56,0.102,136.041,4,4/5/2019,4/12/2019
Old Town Road,Old Town Road,Lil Nas X,3/14/2019,113013,8,0.908,0.0361,0.908,0.517,1.73E-06,0.0949,-6.063,0.129,136.019,4,4/5/2019,4/12/2019
bad guy,"WHEN WE ALL FALL ASLEEP, WHERE DO WE GO?",Billie Eilish,3/29/2019,194087,89,0.701,0.328,0.701,0.425,0.13,0.1,-10.965,0.375,135.128,4,4/5/2019,4/12/2019
Sunflower - Spider-Man: Into the Spider-Verse,Spider-Man: Into the Spider-Verse (Soundtrack From & Inspired by the Motion Picture),Various Artists,12/14/2018,158040,86,0.76,0.556,0.76,0.479,0,0.0703,-5.574,0.0466,89.911,4,4/5/2019,4/12/2019
wish you were gay,"WHEN WE ALL FALL ASLEEP, WHERE DO WE GO?",Billie Eilish,3/29/2019,221543,81,0.853,0.39,0.853,0.351,9.38E-06,0.752,-10.198,0.241,118.028,4,4/5/2019,4/12/2019
MIDDLE CHILD,MIDDLE CHILD,J. Cole,1/23/2019,213593,83,0.837,0.149,0.837,0.364,0,0.271,-11.713,0.276,123.984,4,4/5/2019,4/12/2019
Swervin (feat. 6ix9ine),Hoodie SZN,A Boogie Wit da Hoodie,12/21/2018,189486,81,0.581,0.0153,0.581,0.662,0,0.111,-5.239,0.303,93.023,4,4/5/2019,4/12/2019
Talk (feat. Disclosure),Free Spirit,Khalid,4/5/2019,197573,76,0.901,0.051,0.901,0.4,0,0.0599,-8.575,0.126,135.984,4,4/5/2019,4/12/2019
Outta My Head (with John Mayer),Free Spirit,Khalid,4/5/2019,177066,70,0.729,0.0174,0.729,0.545,0.000274,0.369,-7.818,0.0316,103.012,4,4/5/2019,4/12/2019
Better,Suncity,Khalid,10/18/2018,229320,77,0.596,0.0765,0.596,0.552,0.334,0.104,-10.278,0.097,97.949,4,4/5/2019,4/12/2019
Old Town Road (feat. Billy Ray Cyrus) - Remix,Old Town Road,Lil Nas X,4/5/2019,157066,11,0.878,0.0533,0.878,0.619,0,0.113,-5.56,0.102,136.041,4,4/12/2019,4/19/2019
bad guy,"WHEN WE ALL FALL ASLEEP, WHERE DO WE GO?",Billie Eilish,3/29/2019,194087,89,0.701,0.328,0.701,0.425,0.13,0.1,-10.965,0.375,135.128,4,4/12/2019,4/19/2019
Old Town Road,Old Town Road,Lil Nas X,3/14/2019,113013,8,0.908,0.0361,0.908,0.517,1.73E-06,0.0949,-6.063,0.129,136.019,4,4/12/2019,4/19/2019
Boy With Luv (feat. Halsey),MAP OF THE SOUL : PERSONA,BTS,4/12/2019,229773,84,0.645,0.0923,0.645,0.862,0,0.192,-4.757,0.0965,119.991,4,4/12/2019,4/19/2019
Sunflower - Spider-Man: Into the Spider-Verse,Spider-Man: Into the Spider-Verse (Soundtrack From & Inspired by the Motion Picture),Various Artists,12/14/2018,158040,86,0.76,0.556,0.76,0.479,0,0.0703,-5.574,0.0466,89.911,4,4/12/2019,4/19/2019
MIDDLE CHILD,MIDDLE CHILD,J. Cole,1/23/2019,213593,83,0.837,0.149,0.837,0.364,0,0.271,-11.713,0.276,123.984,4,4/12/2019,4/19/2019
Sanguine Paradise,Sanguine Paradise,Lil Uzi Vert,4/9/2019,243976,78,0.729,0.0948,0.729,0.603,0,0.113,-6.736,0.0666,134.972,4,4/12/2019,4/19/2019
Swervin (feat. 6ix9ine),Hoodie SZN,A Boogie Wit da Hoodie,12/21/2018,189486,81,0.581,0.0153,0.581,0.662,0,0.111,-5.239,0.303,93.023,4,4/12/2019,4/19/2019
Talk (feat. Disclosure),Free Spirit,Khalid,4/5/2019,197573,76,0.901,0.051,0.901,0.4,0,0.0599,-8.575,0.126,135.984,4,4/12/2019,4/19/2019
Wow.,Wow.,Post Malone,12/24/2018,149520,18,0.833,0.163,0.833,0.539,2.10E-06,0.101,-7.399,0.178,99.947,4,4/12/2019,4/19/2019
Old Town Road (feat. Billy Ray Cyrus) - Remix,Old Town Road,Lil Nas X,4/5/2019,157066,11,0.878,0.0533,0.878,0.619,0,0.113,-5.56,0.102,136.041,4,4/19/2019,4/26/2019
bad guy,"WHEN WE ALL FALL ASLEEP, WHERE DO WE GO?",Billie Eilish,3/29/2019,194087,89,0.701,0.328,0.701,0.425,0.13,0.1,-10.965,0.375,135.128,4,4/19/2019,4/26/2019
Old Town Road,Old Town Road,Lil Nas X,3/14/2019,113013,8,0.908,0.0361,0.908,0.517,1.73E-06,0.0949,-6.063,0.129,136.019,4,4/19/2019,4/26/2019
Sunflower - Spider-Man: Into the Spider-Verse,Spider-Man: Into the Spider-Verse (Soundtrack From & Inspired by the Motion Picture),Various Artists,12/14/2018,158040,86,0.76,0.556,0.76,0.479,0,0.0703,-5.574,0.0466,89.911,4,4/19/2019,4/26/2019
MIDDLE CHILD,MIDDLE CHILD,J. Cole,1/23/2019,213593,83,0.837,0.149,0.837,0.364,0,0.271,-11.713,0.276,123.984,4,4/19/2019,4/26/2019
Sanguine Paradise,Sanguine Paradise,Lil Uzi Vert,4/9/2019,243976,78,0.729,0.0948,0.729,0.603,0,0.113,-6.736,0.0666,134.972,4,4/19/2019,4/26/2019
Talk (feat. Disclosure),Free Spirit,Khalid,4/5/2019,197573,76,0.901,0.051,0.901,0.4,0,0.0599,-8.575,0.126,135.984,4,4/19/2019,4/26/2019
Swervin (feat. 6ix9ine),Hoodie SZN,A Boogie Wit da Hoodie,12/21/2018,189486,81,0.581,0.0153,0.581,0.662,0,0.111,-5.239,0.303,93.023,4,4/19/2019,4/26/2019
Going Bad (feat. Drake),Championships,Meek Mill,11/30/2018,180522,82,0.889,0.259,0.889,0.496,0,0.252,-6.365,0.0905,86.003,4,4/19/2019,4/26/2019
Wow.,Wow.,Post Malone,12/24/2018,149520,18,0.833,0.163,0.833,0.539,2.10E-06,0.101,-7.399,0.178,99.947,4,4/19/2019,4/26/2019
ME! (feat. Brendon Urie of Panic! At The Disco),ME!,Taylor Swift,4/26/2019,193040,3,0.614,0.0291,0.614,0.839,0,0.112,-4.143,0.0702,182.123,4,4/26/2019,5/3/2019
Old Town Road (feat. Billy Ray Cyrus) - Remix,Old Town Road,Lil Nas X,4/5/2019,157066,11,0.878,0.0533,0.878,0.619,0,0.113,-5.56,0.102,136.041,4,4/26/2019,5/3/2019
bad guy,"WHEN WE ALL FALL ASLEEP, WHERE DO WE GO?",Billie Eilish,3/29/2019,194087,89,0.701,0.328,0.701,0.425,0.13,0.1,-10.965,0.375,135.128,4,4/26/2019,5/3/2019
Old Town Road,Old Town Road,Lil Nas X,3/14/2019,113013,8,0.908,0.0361,0.908,0.517,1.73E-06,0.0949,-6.063,0.129,136.019,4,4/26/2019,5/3/2019
Sunflower - Spider-Man: Into the Spider-Verse,Spider-Man: Into the Spider-Verse (Soundtrack From & Inspired by the Motion Picture),Various Artists,12/14/2018,158040,86,0.76,0.556,0.76,0.479,0,0.0703,-5.574,0.0466,89.911,4,4/26/2019,5/3/2019
Talk (feat. Disclosure),Free Spirit,Khalid,4/5/2019,197573,76,0.901,0.051,0.901,0.4,0,0.0599,-8.575,0.126,135.984,4,4/26/2019,5/3/2019
Sanguine Paradise,Sanguine Paradise,Lil Uzi Vert,4/9/2019,243976,78,0.729,0.0948,0.729,0.603,0,0.113,-6.736,0.0666,134.972,4,4/26/2019,5/3/2019
MIDDLE CHILD,MIDDLE CHILD,J. Cole,1/23/2019,213593,83,0.837,0.149,0.837,0.364,0,0.271,-11.713,0.276,123.984,4,4/26/2019,5/3/2019
Swervin (feat. 6ix9ine),Hoodie SZN,A Boogie Wit da Hoodie,12/21/2018,189486,81,0.581,0.0153,0.581,0.662,0,0.111,-5.239,0.303,93.023,4,4/26/2019,5/3/2019
Wow.,Wow.,Post Malone,12/24/2018,149520,18,0.833,0.163,0.833,0.539,2.10E-06,0.101,-7.399,0.178,99.947,4,4/26/2019,5/3/2019
Homicide,Homicide,Logic,5/3/2019,245413,69,0.722,0.145,0.722,0.764,0,0.171,-5.656,0.398,139.831,4,5/3/2019,5/10/2019
Old Town Road (feat. Billy Ray Cyrus) - Remix,Old Town Road,Lil Nas X,4/5/2019,157066,11,0.878,0.0533,0.878,0.619,0,0.113,-5.56,0.102,136.041,4,5/3/2019,5/10/2019
bad guy,"WHEN WE ALL FALL ASLEEP, WHERE DO WE GO?",Billie Eilish,3/29/2019,194087,89,0.701,0.328,0.701,0.425,0.13,0.1,-10.965,0.375,135.128,4,5/3/2019,5/10/2019
If I Can't Have You,If I Can't Have You,Shawn Mendes,5/3/2019,190800,80,0.692,0.524,0.692,0.809,0,0.147,-4.198,0.0602,123.911,4,5/3/2019,5/10/2019
ME! (feat. Brendon Urie of Panic! At The Disco),ME!,Taylor Swift,4/26/2019,193040,3,0.614,0.0291,0.614,0.839,0,0.112,-4.143,0.0702,182.123,4,5/3/2019,5/10/2019
Sunflower - Spider-Man: Into the Spider-Verse,Spider-Man: Into the Spider-Verse (Soundtrack From & Inspired by the Motion Picture),Various Artists,12/14/2018,158040,86,0.76,0.556,0.76,0.479,0,0.0703,-5.574,0.0466,89.911,4,5/3/2019,5/10/2019
Talk (feat. Disclosure),Free Spirit,Khalid,4/5/2019,197573,76,0.901,0.051,0.901,0.4,0,0.0599,-8.575,0.126,135.984,4,5/3/2019,5/10/2019
Truth Hurts,Cuz I Love You (Deluxe),Lizzo,5/3/2019,173325,72,0.715,0.11,0.715,0.624,0,0.123,-3.046,0.114,158.087,4,5/3/2019,5/10/2019
Old Town Road,Old Town Road,Lil Nas X,3/14/2019,113013,8,0.908,0.0361,0.908,0.517,1.73E-06,0.0949,-6.063,0.129,136.019,4,5/3/2019,5/10/2019
MIDDLE CHILD,MIDDLE CHILD,J. Cole,1/23/2019,213593,83,0.837,0.149,0.837,0.364,0,0.271,-11.713,0.276,123.984,4,5/3/2019,5/10/2019
I Don't Care (with Justin Bieber),I Don't Care (with Justin Bieber),Ed Sheeran,5/10/2019,219946,83,0.798,0.0912,0.798,0.675,0,0.0894,-5.041,0.0442,101.956,4,5/10/2019,5/17/2019
bad guy,"WHEN WE ALL FALL ASLEEP, WHERE DO WE GO?",Billie Eilish,3/29/2019,194087,89,0.701,0.328,0.701,0.425,0.13,0.1,-10.965,0.375,135.128,4,5/10/2019,5/17/2019
Old Town Road (feat. Billy Ray Cyrus) - Remix,Old Town Road,Lil Nas X,4/5/2019,157066,11,0.878,0.0533,0.878,0.619,0,0.113,-5.56,0.102,136.041,4,5/10/2019,5/17/2019
Homicide (feat. Eminem),Confessions of a Dangerous Mind,Logic,5/10/2019,245386,0,0.694,0.137,0.694,0.759,0,0.167,-5.667,0.398,140.055,4,5/10/2019,5/17/2019
If I Can't Have You,If I Can't Have You,Shawn Mendes,5/3/2019,190800,80,0.692,0.524,0.692,0.809,0,0.147,-4.198,0.0602,123.911,4,5/10/2019,5/17/2019
Sunflower - Spider-Man: Into the Spider-Verse,Spider-Man: Into the Spider-Verse (Soundtrack From & Inspired by the Motion Picture),Various Artists,12/14/2018,158040,86,0.76,0.556,0.76,0.479,0,0.0703,-5.574,0.0466,89.911,4,5/10/2019,5/17/2019
Truth Hurts,Cuz I Love You (Deluxe),Lizzo,5/3/2019,173325,72,0.715,0.11,0.715,0.624,0,0.123,-3.046,0.114,158.087,4,5/10/2019,5/17/2019
ME! (feat. Brendon Urie of Panic! At The Disco),ME!,Taylor Swift,4/26/2019,193040,3,0.614,0.0291,0.614,0.839,0,0.112,-4.143,0.0702,182.123,4,5/10/2019,5/17/2019
Talk (feat. Disclosure),Free Spirit,Khalid,4/5/2019,197573,76,0.901,0.051,0.901,0.4,0,0.0599,-8.575,0.126,135.984,4,5/10/2019,5/17/2019
Suge,Baby On Baby,DaBaby,3/1/2019,163320,80,0.876,0.0608,0.876,0.662,0,0.127,-6.482,0.426,75.445,4,5/10/2019,5/17/2019
EARFQUAKE,IGOR,"Tyler, The Creator",5/17/2019,190066,82,0.554,0.23,0.554,0.498,5.98E-06,0.795,-8.866,0.0685,79.635,4,5/17/2019,5/24/2019
Old Town Road (feat. Billy Ray Cyrus) - Remix,Old Town Road,Lil Nas X,4/5/2019,157066,11,0.878,0.0533,0.878,0.619,0,0.113,-5.56,0.102,136.041,4,5/17/2019,5/24/2019
bad guy,"WHEN WE ALL FALL ASLEEP, WHERE DO WE GO?",Billie Eilish,3/29/2019,194087,89,0.701,0.328,0.701,0.425,0.13,0.1,-10.965,0.375,135.128,4,5/17/2019,5/24/2019
I Don't Care (with Justin Bieber),I Don't Care (with Justin Bieber),Ed Sheeran,5/10/2019,219946,83,0.798,0.0912,0.798,0.675,0,0.0894,-5.041,0.0442,101.956,4,5/17/2019,5/24/2019
Truth Hurts,Cuz I Love You (Deluxe),Lizzo,5/3/2019,173325,72,0.715,0.11,0.715,0.624,0,0.123,-3.046,0.114,158.087,4,5/17/2019,5/24/2019
Suge,Baby On Baby,DaBaby,3/1/2019,163320,80,0.876,0.0608,0.876,0.662,0,0.127,-6.482,0.426,75.445,4,5/17/2019,5/24/2019
Sunflower - Spider-Man: Into the Spider-Verse,Spider-Man: Into the Spider-Verse (Soundtrack From & Inspired by the Motion Picture),Various Artists,12/14/2018,158040,86,0.76,0.556,0.76,0.479,0,0.0703,-5.574,0.0466,89.911,4,5/17/2019,5/24/2019
I THINK,IGOR,"Tyler, The Creator",5/17/2019,212013,73,0.826,0.00881,0.826,0.579,0,0.129,-8.241,0.0801,121.075,4,5/17/2019,5/24/2019
If I Can't Have You,If I Can't Have You,Shawn Mendes,5/3/2019,190800,80,0.692,0.524,0.692,0.809,0,0.147,-4.198,0.0602,123.911,4,5/17/2019,5/24/2019
Nightmare,Nightmare,Halsey,5/17/2019,231998,73,0.611,0.0188,0.611,0.622,0,0.359,-5.075,0.0734,146.11,4,5/17/2019,5/24/2019
The London (feat. J. Cole & Travis Scott),The London (feat. J. Cole & Travis Scott),Young Thug,5/23/2019,200106,76,0.796,0.0247,0.796,0.586,0,0.132,-6.946,0.147,97.981,4,5/24/2019,5/31/2019
EARFQUAKE,IGOR,"Tyler, The Creator",5/17/2019,190066,82,0.554,0.23,0.554,0.498,5.98E-06,0.795,-8.866,0.0685,79.635,4,5/24/2019,5/31/2019
Old Town Road (feat. Billy Ray Cyrus) - Remix,Old Town Road,Lil Nas X,4/5/2019,157066,11,0.878,0.0533,0.878,0.619,0,0.113,-5.56,0.102,136.041,4,5/24/2019,5/31/2019
bad guy,"WHEN WE ALL FALL ASLEEP, WHERE DO WE GO?",Billie Eilish,3/29/2019,194087,89,0.701,0.328,0.701,0.425,0.13,0.1,-10.965,0.375,135.128,4,5/24/2019,5/31/2019
I Don't Care (with Justin Bieber),I Don't Care (with Justin Bieber),Ed Sheeran,5/10/2019,219946,83,0.798,0.0912,0.798,0.675,0,0.0894,-5.041,0.0442,101.956,4,5/24/2019,5/31/2019
Truth Hurts,Cuz I Love You (Deluxe),Lizzo,5/3/2019,173325,72,0.715,0.11,0.715,0.624,0,0.123,-3.046,0.114,158.087,4,5/24/2019,5/31/2019
Suge,Baby On Baby,DaBaby,3/1/2019,163320,80,0.876,0.0608,0.876,0.662,0,0.127,-6.482,0.426,75.445,4,5/24/2019,5/31/2019
Sunflower - Spider-Man: Into the Spider-Verse,Spider-Man: Into the Spider-Verse (Soundtrack From & Inspired by the Motion Picture),Various Artists,12/14/2018,158040,86,0.76,0.556,0.76,0.479,0,0.0703,-5.574,0.0466,89.911,4,5/24/2019,5/31/2019
Pop Out (feat. Lil Tjay),Pop Out (feat. Lil Tjay),Polo G,2/7/2019,166640,3,0.861,0.121,0.861,0.621,0,0.0689,-7.106,0.362,83.976,4,5/24/2019,5/31/2019
If I Can't Have You,If I Can't Have You,Shawn Mendes,5/3/2019,190800,80,0.692,0.524,0.692,0.809,0,0.147,-4.198,0.0602,123.911,4,5/24/2019,5/31/2019
bad guy,"WHEN WE ALL FALL ASLEEP, WHERE DO WE GO?",Billie Eilish,3/29/2019,194087,89,0.701,0.328,0.701,0.425,0.13,0.1,-10.965,0.375,135.128,4,5/31/2019,6/7/2019
Old Town Road (feat. Billy Ray Cyrus) - Remix,Old Town Road,Lil Nas X,4/5/2019,157066,11,0.878,0.0533,0.878,0.619,0,0.113,-5.56,0.102,136.041,4,5/31/2019,6/7/2019
The London (feat. J. Cole & Travis Scott),The London (feat. J. Cole & Travis Scott),Young Thug,5/23/2019,200106,76,0.796,0.0247,0.796,0.586,0,0.132,-6.946,0.147,97.981,4,5/31/2019,6/7/2019
EARFQUAKE,IGOR,"Tyler, The Creator",5/17/2019,190066,82,0.554,0.23,0.554,0.498,5.98E-06,0.795,-8.866,0.0685,79.635,4,5/31/2019,6/7/2019
Suge,Baby On Baby,DaBaby,3/1/2019,163320,80,0.876,0.0608,0.876,0.662,0,0.127,-6.482,0.426,75.445,4,5/31/2019,6/7/2019
Truth Hurts,Cuz I Love You (Deluxe),Lizzo,5/3/2019,173325,72,0.715,0.11,0.715,0.624,0,0.123,-3.046,0.114,158.087,4,5/31/2019,6/7/2019
I Don't Care (with Justin Bieber),I Don't Care (with Justin Bieber),Ed Sheeran,5/10/2019,219946,83,0.798,0.0912,0.798,0.675,0,0.0894,-5.041,0.0442,101.956,4,5/31/2019,6/7/2019
Sunflower - Spider-Man: Into the Spider-Verse,Spider-Man: Into the Spider-Verse (Soundtrack From & Inspired by the Motion Picture),Various Artists,12/14/2018,158040,86,0.76,0.556,0.76,0.479,0,0.0703,-5.574,0.0466,89.911,4,5/31/2019,6/7/2019
Pop Out (feat. Lil Tjay),Pop Out (feat. Lil Tjay),Polo G,2/7/2019,166640,3,0.861,0.121,0.861,0.621,0,0.0689,-7.106,0.362,83.976,4,5/31/2019,6/7/2019
Never Really Over,Never Really Over,Katy Perry,5/31/2019,223523,79,0.77,0.194,0.77,0.882,0,0.316,-4.792,0.0602,99.991,4,5/31/2019,6/7/2019
bad guy,"WHEN WE ALL FALL ASLEEP, WHERE DO WE GO?",Billie Eilish,3/29/2019,194087,89,0.701,0.328,0.701,0.425,0.13,0.1,-10.965,0.375,135.128,4,6/7/2019,6/14/2019
Old Town Road (feat. Billy Ray Cyrus) - Remix,Old Town Road,Lil Nas X,4/5/2019,157066,11,0.878,0.0533,0.878,0.619,0,0.113,-5.56,0.102,136.041,4,6/7/2019,6/14/2019
The London (feat. J. Cole & Travis Scott),The London (feat. J. Cole & Travis Scott),Young Thug,5/23/2019,200106,76,0.796,0.0247,0.796,0.586,0,0.132,-6.946,0.147,97.981,4,6/7/2019,6/14/2019
Suge,Baby On Baby,DaBaby,3/1/2019,163320,80,0.876,0.0608,0.876,0.662,0,0.127,-6.482,0.426,75.445,4,6/7/2019,6/14/2019
Truth Hurts,Cuz I Love You (Deluxe),Lizzo,5/3/2019,173325,72,0.715,0.11,0.715,0.624,0,0.123,-3.046,0.114,158.087,4,6/7/2019,6/14/2019
EARFQUAKE,IGOR,"Tyler, The Creator",5/17/2019,190066,82,0.554,0.23,0.554,0.498,5.98E-06,0.795,-8.866,0.0685,79.635,4,6/7/2019,6/14/2019
I Don't Care (with Justin Bieber),I Don't Care (with Justin Bieber),Ed Sheeran,5/10/2019,219946,83,0.798,0.0912,0.798,0.675,0,0.0894,-5.041,0.0442,101.956,4,6/7/2019,6/14/2019
Pop Out (feat. Lil Tjay),Die A Legend,Polo G,6/7/2019,166560,82,0.772,0.15,0.772,0.639,0,0.0698,-7.119,0.467,168.112,4,6/7/2019,6/14/2019
Sunflower - Spider-Man: Into the Spider-Verse,Spider-Man: Into the Spider-Verse (Soundtrack From & Inspired by the Motion Picture),Various Artists,12/14/2018,158040,86,0.76,0.556,0.76,0.479,0,0.0703,-5.574,0.0466,89.911,4,6/7/2019,6/14/2019
Sucker,Happiness Begins,Jonas Brothers,6/7/2019,181026,84,0.842,0.0427,0.842,0.734,0,0.106,-5.065,0.0588,137.958,4,6/7/2019,6/14/2019
Money In The Grave (Drake ft. Rick Ross),The Best In The World Pack,Drake,6/15/2019,205426,82,0.831,0.101,0.831,0.502,0,0.122,-4.045,0.046,100.541,4,6/14/2019,6/21/2019
You Need To Calm Down,You Need To Calm Down,Taylor Swift,6/14/2019,171386,6,0.768,0.00838,0.768,0.678,0,0.0596,-5.604,0.0505,85.025,4,6/14/2019,6/21/2019
bad guy,"WHEN WE ALL FALL ASLEEP, WHERE DO WE GO?",Billie Eilish,3/29/2019,194087,89,0.701,0.328,0.701,0.425,0.13,0.1,-10.965,0.375,135.128,4,6/14/2019,6/21/2019
Old Town Road (feat. Billy Ray Cyrus) - Remix,Old Town Road,Lil Nas X,4/5/2019,157066,11,0.878,0.0533,0.878,0.619,0,0.113,-5.56,0.102,136.041,4,6/14/2019,6/21/2019
No Guidance (feat. Drake),No Guidance (feat. Drake),Chris Brown,6/8/2019,260640,9,0.698,0.123,0.698,0.454,0,0.155,-6.756,0.151,92.932,4,6/14/2019,6/21/2019
Suge,Baby On Baby,DaBaby,3/1/2019,163320,80,0.876,0.0608,0.876,0.662,0,0.127,-6.482,0.426,75.445,4,6/14/2019,6/21/2019
Truth Hurts,Cuz I Love You (Deluxe),Lizzo,5/3/2019,173325,72,0.715,0.11,0.715,0.624,0,0.123,-3.046,0.114,158.087,4,6/14/2019,6/21/2019
The London (feat. J. Cole & Travis Scott),The London (feat. J. Cole & Travis Scott),Young Thug,5/23/2019,200106,76,0.796,0.0247,0.796,0.586,0,0.132,-6.946,0.147,97.981,4,6/14/2019,6/21/2019
I Don't Care (with Justin Bieber),I Don't Care (with Justin Bieber),Ed Sheeran,5/10/2019,219946,83,0.798,0.0912,0.798,0.675,0,0.0894,-5.041,0.0442,101.956,4,6/14/2019,6/21/2019
EARFQUAKE,IGOR,"Tyler, The Creator",5/17/2019,190066,82,0.554,0.23,0.554,0.498,5.98E-06,0.795,-8.866,0.0685,79.635,4,6/14/2019,6/21/2019
Señorita,Señorita,Shawn Mendes,6/21/2019,190960,85,0.759,0.037,0.759,0.54,0,0.0945,-6.039,0.0287,116.947,4,6/21/2019,6/28/2019
Panini,7 EP,Lil Nas X,6/21/2019,114893,73,0.703,0.342,0.703,0.594,0,0.123,-6.146,0.0752,153.848,4,6/21/2019,6/28/2019
Money In The Grave (Drake ft. Rick Ross),The Best In The World Pack,Drake,6/15/2019,205426,82,0.831,0.101,0.831,0.502,0,0.122,-4.045,0.046,100.541,4,6/21/2019,6/28/2019
bad guy,"WHEN WE ALL FALL ASLEEP, WHERE DO WE GO?",Billie Eilish,3/29/2019,194087,89,0.701,0.328,0.701,0.425,0.13,0.1,-10.965,0.375,135.128,4,6/21/2019,6/28/2019
Old Town Road (feat. Billy Ray Cyrus) - Remix,Old Town Road,Lil Nas X,4/5/2019,157066,11,0.878,0.0533,0.878,0.619,0,0.113,-5.56,0.102,136.041,4,6/21/2019,6/28/2019
You Need To Calm Down,You Need To Calm Down,Taylor Swift,6/14/2019,171386,6,0.768,0.00838,0.768,0.678,0,0.0596,-5.604,0.0505,85.025,4,6/21/2019,6/28/2019
Truth Hurts,Cuz I Love You (Deluxe),Lizzo,5/3/2019,173325,72,0.715,0.11,0.715,0.624,0,0.123,-3.046,0.114,158.087,4,6/21/2019,6/28/2019
Ransom,Ransom,Lil Tecca,6/4/2019,131280,6,0.745,0.0204,0.745,0.642,0,0.0658,-6.257,0.287,179.974,4,6/21/2019,6/28/2019
Rodeo,7 EP,Lil Nas X,6/21/2019,158706,75,0.706,0.139,0.706,0.679,6.98E-05,0.465,-5.614,0.0324,140.081,4,6/21/2019,6/28/2019
I Don't Care (with Justin Bieber),I Don't Care (with Justin Bieber),Ed Sheeran,5/10/2019,219946,83,0.798,0.0912,0.798,0.675,0,0.0894,-5.041,0.0442,101.956,4,6/21/2019,6/28/2019
Señorita,Señorita,Shawn Mendes,6/21/2019,190960,85,0.759,0.037,0.759,0.54,0,0.0945,-6.039,0.0287,116.947,4,6/28/2019,7/5/2019
Panini,7 EP,Lil Nas X,6/21/2019,114893,73,0.703,0.342,0.703,0.594,0,0.123,-6.146,0.0752,153.848,4,6/28/2019,7/5/2019
Money In The Grave (Drake ft. Rick Ross),The Best In The World Pack,Drake,6/15/2019,205426,82,0.831,0.101,0.831,0.502,0,0.122,-4.045,0.046,100.541,4,6/28/2019,7/5/2019
Beautiful People (feat. Khalid),Beautiful People (feat. Khalid),Ed Sheeran,6/28/2019,197866,83,0.64,0.124,0.64,0.648,0,0.0802,-8.113,0.187,92.977,4,6/28/2019,7/5/2019
Truth Hurts,Cuz I Love You (Deluxe),Lizzo,5/3/2019,173325,72,0.715,0.11,0.715,0.624,0,0.123,-3.046,0.114,158.087,4,6/28/2019,7/5/2019
bad guy,"WHEN WE ALL FALL ASLEEP, WHERE DO WE GO?",Billie Eilish,3/29/2019,194087,89,0.701,0.328,0.701,0.425,0.13,0.1,-10.965,0.375,135.128,4,6/28/2019,7/5/2019
Old Town Road (feat. Billy Ray Cyrus) - Remix,Old Town Road,Lil Nas X,4/5/2019,157066,11,0.878,0.0533,0.878,0.619,0,0.113,-5.56,0.102,136.041,4,6/28/2019,7/5/2019
Ransom,Ransom,Lil Tecca,6/4/2019,131280,6,0.745,0.0204,0.745,0.642,0,0.0658,-6.257,0.287,179.974,4,6/28/2019,7/5/2019
Sunflower - Spider-Man: Into the Spider-Verse,Spider-Man: Into the Spider-Verse (Soundtrack From & Inspired by the Motion Picture),Various Artists,12/14/2018,158040,86,0.76,0.556,0.76,0.479,0,0.0703,-5.574,0.0466,89.911,4,6/28/2019,7/5/2019
Rodeo,7 EP,Lil Nas X,6/21/2019,158706,75,0.706,0.139,0.706,0.679,6.98E-05,0.465,-5.614,0.0324,140.081,4,6/28/2019,7/5/2019
Goodbyes (Feat. Young Thug),Goodbyes (Feat. Young Thug),Post Malone,7/5/2019,174960,13,0.58,0.447,0.58,0.653,0,0.111,-3.818,0.0745,150.231,4,7/5/2019,7/12/2019
Señorita,Señorita,Shawn Mendes,6/21/2019,190960,85,0.759,0.037,0.759,0.54,0,0.0945,-6.039,0.0287,116.947,4,7/5/2019,7/12/2019
Panini,7 EP,Lil Nas X,6/21/2019,114893,73,0.703,0.342,0.703,0.594,0,0.123,-6.146,0.0752,153.848,4,7/5/2019,7/12/2019
Money In The Grave (Drake ft. Rick Ross),The Best In The World Pack,Drake,6/15/2019,205426,82,0.831,0.101,0.831,0.502,0,0.122,-4.045,0.046,100.541,4,7/5/2019,7/12/2019
Truth Hurts,Cuz I Love You (Deluxe),Lizzo,5/3/2019,173325,72,0.715,0.11,0.715,0.624,0,0.123,-3.046,0.114,158.087,4,7/5/2019,7/12/2019
bad guy,"WHEN WE ALL FALL ASLEEP, WHERE DO WE GO?",Billie Eilish,3/29/2019,194087,89,0.701,0.328,0.701,0.425,0.13,0.1,-10.965,0.375,135.128,4,7/5/2019,7/12/2019
Ransom,Ransom,Lil Tecca,6/4/2019,131280,6,0.745,0.0204,0.745,0.642,0,0.0658,-6.257,0.287,179.974,4,7/5/2019,7/12/2019
Sunflower - Spider-Man: Into the Spider-Verse,Spider-Man: Into the Spider-Verse (Soundtrack From & Inspired by the Motion Picture),Various Artists,12/14/2018,158040,86,0.76,0.556,0.76,0.479,0,0.0703,-5.574,0.0466,89.911,4,7/5/2019,7/12/2019
Beautiful People (feat. Khalid),Beautiful People (feat. Khalid),Ed Sheeran,6/28/2019,197866,83,0.64,0.124,0.64,0.648,0,0.0802,-8.113,0.187,92.977,4,7/5/2019,7/12/2019
Old Town Road (feat. Billy Ray Cyrus) - Remix,Old Town Road,Lil Nas X,4/5/2019,157066,11,0.878,0.0533,0.878,0.619,0,0.113,-5.56,0.102,136.041,4,7/5/2019,7/12/2019
Señorita,Señorita,Shawn Mendes,6/21/2019,190960,85,0.759,0.037,0.759,0.54,0,0.0945,-6.039,0.0287,116.947,4,7/12/2019,7/19/2019
Goodbyes (Feat. Young Thug),Goodbyes (Feat. Young Thug),Post Malone,7/5/2019,174960,13,0.58,0.447,0.58,0.653,0,0.111,-3.818,0.0745,150.231,4,7/12/2019,7/19/2019
Money In The Grave (Drake ft. Rick Ross),The Best In The World Pack,Drake,6/15/2019,205426,82,0.831,0.101,0.831,0.502,0,0.122,-4.045,0.046,100.541,4,7/12/2019,7/19/2019
Panini,7 EP,Lil Nas X,6/21/2019,114893,73,0.703,0.342,0.703,0.594,0,0.123,-6.146,0.0752,153.848,4,7/12/2019,7/19/2019
Truth Hurts,Cuz I Love You (Deluxe),Lizzo,5/3/2019,173325,72,0.715,0.11,0.715,0.624,0,0.123,-3.046,0.114,158.087,4,7/12/2019,7/19/2019
Beautiful People (feat. Khalid),No.6 Collaborations Project,Ed Sheeran,7/12/2019,197866,78,0.64,0.124,0.64,0.647,0,0.0801,-8.114,0.186,92.979,4,7/12/2019,7/19/2019
Antisocial (with Travis Scott),No.6 Collaborations Project,Ed Sheeran,7/12/2019,161746,69,0.716,0.132,0.716,0.823,0,0.361,-5.313,0.0495,151.957,4,7/12/2019,7/19/2019
Ransom,Ransom,Lil Tecca,6/4/2019,131280,6,0.745,0.0204,0.745,0.642,0,0.0658,-6.257,0.287,179.974,4,7/12/2019,7/19/2019
I Don't Care (with Justin Bieber),No.6 Collaborations Project,Ed Sheeran,7/12/2019,219946,79,0.798,0.0902,0.798,0.676,0,0.0894,-5.041,0.0442,101.956,4,7/12/2019,7/19/2019
Sunflower - Spider-Man: Into the Spider-Verse,Spider-Man: Into the Spider-Verse (Soundtrack From & Inspired by the Motion Picture),Various Artists,12/14/2018,158040,86,0.76,0.556,0.76,0.479,0,0.0703,-5.574,0.0466,89.911,4,7/12/2019,7/19/2019
Señorita,Señorita,Shawn Mendes,6/21/2019,190960,85,0.759,0.037,0.759,0.54,0,0.0945,-6.039,0.0287,116.947,4,7/19/2019,7/26/2019
Goodbyes (Feat. Young Thug),Goodbyes (Feat. Young Thug),Post Malone,7/5/2019,174960,13,0.58,0.447,0.58,0.653,0,0.111,-3.818,0.0745,150.231,4,7/19/2019,7/26/2019
Truth Hurts,Cuz I Love You (Deluxe),Lizzo,5/3/2019,173325,72,0.715,0.11,0.715,0.624,0,0.123,-3.046,0.114,158.087,4,7/19/2019,7/26/2019
Ransom,Ransom,Lil Tecca,6/4/2019,131280,6,0.745,0.0204,0.745,0.642,0,0.0658,-6.257,0.287,179.974,4,7/19/2019,7/26/2019
Money In The Grave (Drake ft. Rick Ross),The Best In The World Pack,Drake,6/15/2019,205426,82,0.831,0.101,0.831,0.502,0,0.122,-4.045,0.046,100.541,4,7/19/2019,7/26/2019
Panini,7 EP,Lil Nas X,6/21/2019,114893,73,0.703,0.342,0.703,0.594,0,0.123,-6.146,0.0752,153.848,4,7/19/2019,7/26/2019
Beautiful People (feat. Khalid),No.6 Collaborations Project,Ed Sheeran,7/12/2019,197866,78,0.64,0.124,0.64,0.647,0,0.0801,-8.114,0.186,92.979,4,7/19/2019,7/26/2019
Sunflower - Spider-Man: Into the Spider-Verse,Spider-Man: Into the Spider-Verse (Soundtrack From & Inspired by the Motion Picture),Various Artists,12/14/2018,158040,86,0.76,0.556,0.76,0.479,0,0.0703,-5.574,0.0466,89.911,4,7/19/2019,7/26/2019
Suge,Baby On Baby,DaBaby,3/1/2019,163320,80,0.876,0.0608,0.876,0.662,0,0.127,-6.482,0.426,75.445,4,7/19/2019,7/26/2019
How Do You Sleep?,How Do You Sleep?,Sam Smith,7/19/2019,202204,82,0.477,0.153,0.477,0.682,0,0.0763,-4.931,0.0925,110.567,5,7/19/2019,7/26/2019
Ransom,Ransom,Lil Tecca,6/4/2019,131280,6,0.745,0.0204,0.745,0.642,0,0.0658,-6.257,0.287,179.974,4,7/26/2019,8/2/2019
Señorita,Shawn Mendes (Deluxe),Shawn Mendes,6/19/2019,190799,83,0.759,0.0392,0.759,0.548,0,0.0828,-6.049,0.029,116.967,4,7/26/2019,8/2/2019
Truth Hurts,Cuz I Love You (Deluxe),Lizzo,5/3/2019,173325,72,0.715,0.11,0.715,0.624,0,0.123,-3.046,0.114,158.087,4,7/26/2019,8/2/2019
Goodbyes (Feat. Young Thug),Goodbyes (Feat. Young Thug),Post Malone,7/5/2019,174960,13,0.58,0.447,0.58,0.653,0,0.111,-3.818,0.0745,150.231,4,7/26/2019,8/2/2019
Money In The Grave (Drake ft. Rick Ross),The Best In The World Pack,Drake,6/15/2019,205426,82,0.831,0.101,0.831,0.502,0,0.122,-4.045,0.046,100.541,4,7/26/2019,8/2/2019
Panini,7 EP,Lil Nas X,6/21/2019,114893,73,0.703,0.342,0.703,0.594,0,0.123,-6.146,0.0752,153.848,4,7/26/2019,8/2/2019
Sunflower - Spider-Man: Into the Spider-Verse,Spider-Man: Into the Spider-Verse (Soundtrack From & Inspired by the Motion Picture),Various Artists,12/14/2018,158040,86,0.76,0.556,0.76,0.479,0,0.0703,-5.574,0.0466,89.911,4,7/26/2019,8/2/2019
Beautiful People (feat. Khalid),No.6 Collaborations Project,Ed Sheeran,7/12/2019,197866,78,0.64,0.124,0.64,0.647,0,0.0801,-8.114,0.186,92.979,4,7/26/2019,8/2/2019
No Guidance (feat. Drake),Indigo,Chris Brown,6/28/2019,260640,84,0.696,0.123,0.696,0.454,0,0.155,-6.756,0.153,92.928,4,7/26/2019,8/2/2019
Hot Shower,The Big Day,Chance the Rapper,7/26/2019,225923,73,0.899,0.00157,0.899,0.509,0,0.0573,-8.04,0.387,150.001,4,7/26/2019,8/2/2019
Ransom,Ransom,Lil Tecca,6/4/2019,131280,6,0.745,0.0204,0.745,0.642,0,0.0658,-6.257,0.287,179.974,4,8/2/2019,8/9/2019
boyfriend (with Social House),boyfriend,Ariana Grande,8/2/2019,186106,79,0.4,0.119,0.4,0.795,0,0.159,-3.731,0.461,190.097,4,8/2/2019,8/9/2019
Señorita,Shawn Mendes (Deluxe),Shawn Mendes,6/19/2019,190799,83,0.759,0.0392,0.759,0.548,0,0.0828,-6.049,0.029,116.967,4,8/2/2019,8/9/2019
Truth Hurts,Cuz I Love You (Deluxe),Lizzo,5/3/2019,173325,72,0.715,0.11,0.715,0.624,0,0.123,-3.046,0.114,158.087,4,8/2/2019,8/9/2019
Goodbyes (Feat. Young Thug),Goodbyes (Feat. Young Thug),Post Malone,7/5/2019,174960,13,0.58,0.447,0.58,0.653,0,0.111,-3.818,0.0745,150.231,4,8/2/2019,8/9/2019
Money In The Grave (Drake ft. Rick Ross),The Best In The World Pack,Drake,6/15/2019,205426,82,0.831,0.101,0.831,0.502,0,0.122,-4.045,0.046,100.541,4,8/2/2019,8/9/2019
No Guidance (feat. Drake),Indigo,Chris Brown,6/28/2019,260640,84,0.696,0.123,0.696,0.454,0,0.155,-6.756,0.153,92.928,4,8/2/2019,8/9/2019
Panini,7 EP,Lil Nas X,6/21/2019,114893,73,0.703,0.342,0.703,0.594,0,0.123,-6.146,0.0752,153.848,4,8/2/2019,8/9/2019
Sunflower - Spider-Man: Into the Spider-Verse,Spider-Man: Into the Spider-Verse (Soundtrack From & Inspired by the Motion Picture),Various Artists,12/14/2018,158040,86,0.76,0.556,0.76,0.479,0,0.0703,-5.574,0.0466,89.911,4,8/2/2019,8/9/2019
Beautiful People (feat. Khalid),No.6 Collaborations Project,Ed Sheeran,7/12/2019,197866,78,0.64,0.124,0.64,0.647,0,0.0801,-8.114,0.186,92.979,4,8/2/2019,8/9/2019
Ransom,Ransom,Lil Tecca,6/4/2019,131280,6,0.745,0.0204,0.745,0.642,0,0.0658,-6.257,0.287,179.974,4,8/9/2019,8/16/2019
Señorita,Shawn Mendes (Deluxe),Shawn Mendes,6/19/2019,190799,83,0.759,0.0392,0.759,0.548,0,0.0828,-6.049,0.029,116.967,4,8/9/2019,8/16/2019
Truth Hurts,Cuz I Love You (Deluxe),Lizzo,5/3/2019,173325,72,0.715,0.11,0.715,0.624,0,0.123,-3.046,0.114,158.087,4,8/9/2019,8/16/2019
Goodbyes (Feat. Young Thug),Goodbyes (Feat. Young Thug),Post Malone,7/5/2019,174960,13,0.58,0.447,0.58,0.653,0,0.111,-3.818,0.0745,150.231,4,8/9/2019,8/16/2019
Money In The Grave (Drake ft. Rick Ross),The Best In The World Pack,Drake,6/15/2019,205426,82,0.831,0.101,0.831,0.502,0,0.122,-4.045,0.046,100.541,4,8/9/2019,8/16/2019
No Guidance (feat. Drake),Indigo,Chris Brown,6/28/2019,260640,84,0.696,0.123,0.696,0.454,0,0.155,-6.756,0.153,92.928,4,8/9/2019,8/16/2019
boyfriend (with Social House),boyfriend,Ariana Grande,8/2/2019,186106,79,0.4,0.119,0.4,0.795,0,0.159,-3.731,0.461,190.097,4,8/9/2019,8/16/2019
Hot Girl Summer (feat. Nicki Minaj & Ty Dolla $ign),Hot Girl Summer (feat. Nicki Minaj & Ty Dolla $ign),Megan Thee Stallion,8/9/2019,199427,75,0.872,0.00485,0.872,0.814,1.96E-06,0.214,-4.568,0.155,98.985,4,8/9/2019,8/16/2019
Panini,7 EP,Lil Nas X,6/21/2019,114893,73,0.703,0.342,0.703,0.594,0,0.123,-6.146,0.0752,153.848,4,8/9/2019,8/16/2019
Sunflower - Spider-Man: Into the Spider-Verse,Spider-Man: Into the Spider-Verse (Soundtrack From & Inspired by the Motion Picture),Various Artists,12/14/2018,158040,86,0.76,0.556,0.76,0.479,0,0.0703,-5.574,0.0466,89.911,4,8/9/2019,8/16/2019
Ransom,Ransom,Lil Tecca,6/4/2019,131280,6,0.745,0.0204,0.745,0.642,0,0.0658,-6.257,0.287,179.974,4,8/16/2019,8/23/2019
Lover,Lover,Taylor Swift,8/16/2019,221306,1,0.359,0.492,0.359,0.543,1.57E-05,0.118,-7.582,0.0915,68.504,4,8/16/2019,8/23/2019
Señorita,Shawn Mendes (Deluxe),Shawn Mendes,6/19/2019,190799,83,0.759,0.0392,0.759,0.548,0,0.0828,-6.049,0.029,116.967,4,8/16/2019,8/23/2019
Truth Hurts,Cuz I Love You (Deluxe),Lizzo,5/3/2019,173325,72,0.715,0.11,0.715,0.624,0,0.123,-3.046,0.114,158.087,4,8/16/2019,8/23/2019
Goodbyes (Feat. Young Thug),Goodbyes (Feat. Young Thug),Post Malone,7/5/2019,174960,13,0.58,0.447,0.58,0.653,0,0.111,-3.818,0.0745,150.231,4,8/16/2019,8/23/2019
Money In The Grave (Drake ft. Rick Ross),The Best In The World Pack,Drake,6/15/2019,205426,82,0.831,0.101,0.831,0.502,0,0.122,-4.045,0.046,100.541,4,8/16/2019,8/23/2019
No Guidance (feat. Drake),Indigo,Chris Brown,6/28/2019,260640,84,0.696,0.123,0.696,0.454,0,0.155,-6.756,0.153,92.928,4,8/16/2019,8/23/2019
The London (feat. J. Cole & Travis Scott),So Much Fun,Young Thug,8/16/2019,200186,76,0.784,0.0249,0.784,0.517,1.44E-06,0.155,-8.981,0.209,97.991,4,8/16/2019,8/23/2019
Bad Bad Bad (feat. Lil Baby),So Much Fun,Young Thug,8/16/2019,149040,73,0.974,0.0976,0.974,0.596,0,0.151,-8.888,0.184,111.959,4,8/16/2019,8/23/2019
boyfriend (with Social House),boyfriend,Ariana Grande,8/2/2019,186106,79,0.4,0.119,0.4,0.795,0,0.159,-3.731,0.461,190.097,4,8/16/2019,8/23/2019
Lover,Lover,Taylor Swift,8/23/2019,221306,80,0.359,0.492,0.359,0.543,1.58E-05,0.118,-7.582,0.0919,68.534,4,8/23/2019,8/30/2019
Ransom,Ransom,Lil Tecca,6/4/2019,131280,6,0.745,0.0204,0.745,0.642,0,0.0658,-6.257,0.287,179.974,4,8/23/2019,8/30/2019
The Man,Lover,Taylor Swift,8/23/2019,190360,79,0.777,0.0767,0.777,0.658,0,0.0901,-5.191,0.054,110.048,4,8/23/2019,8/30/2019
Cruel Summer,Lover,Taylor Swift,8/23/2019,178426,75,0.552,0.117,0.552,0.702,2.06E-05,0.105,-5.707,0.157,169.994,4,8/23/2019,8/30/2019
I Forgot That You Existed,Lover,Taylor Swift,8/23/2019,170640,74,0.664,0.298,0.664,0.316,2.03E-06,0.0812,-10.345,0.519,92.875,4,8/23/2019,8/30/2019
Truth Hurts,Cuz I Love You (Deluxe),Lizzo,5/3/2019,173325,72,0.715,0.11,0.715,0.624,0,0.123,-3.046,0.114,158.087,4,8/23/2019,8/30/2019
Señorita,Shawn Mendes (Deluxe),Shawn Mendes,6/19/2019,190799,83,0.759,0.0392,0.759,0.548,0,0.0828,-6.049,0.029,116.967,4,8/23/2019,8/30/2019
You Need To Calm Down,Lover,Taylor Swift,8/23/2019,171360,81,0.771,0.00929,0.771,0.671,0,0.0637,-5.617,0.0553,85.026,4,8/23/2019,8/30/2019
Paper Rings,Lover,Taylor Swift,8/23/2019,222400,73,0.811,0.0129,0.811,0.719,1.36E-05,0.0742,-6.553,0.0497,103.979,4,8/23/2019,8/30/2019
Goodbyes (Feat. Young Thug),Goodbyes (Feat. Young Thug),Post Malone,7/5/2019,174960,13,0.58,0.447,0.58,0.653,0,0.111,-3.818,0.0745,150.231,4,8/23/2019,8/30/2019
Circles,Circles,Post Malone,8/30/2019,214906,1,0.704,0.233,0.704,0.758,0.00144,0.0924,-3.537,0.0402,120.003,4,8/30/2019,9/6/2019
Ransom,We Love You Tecca,Lil Tecca,8/30/2019,131240,4,0.745,0.0204,0.745,0.642,0,0.0658,-6.257,0.287,179.974,4,8/30/2019,9/6/2019
Truth Hurts,Cuz I Love You (Deluxe),Lizzo,5/3/2019,173325,72,0.715,0.11,0.715,0.624,0,0.123,-3.046,0.114,158.087,4,8/30/2019,9/6/2019
Señorita,Shawn Mendes (Deluxe),Shawn Mendes,6/19/2019,190799,83,0.759,0.0392,0.759,0.548,0,0.0828,-6.049,0.029,116.967,4,8/30/2019,9/6/2019
Goodbyes (Feat. Young Thug),Goodbyes (Feat. Young Thug),Post Malone,7/5/2019,174960,13,0.58,0.447,0.58,0.653,0,0.111,-3.818,0.0745,150.231,4,8/30/2019,9/6/2019
Lover,Lover,Taylor Swift,8/23/2019,221306,80,0.359,0.492,0.359,0.543,1.58E-05,0.118,-7.582,0.0919,68.534,4,8/30/2019,9/6/2019
No Guidance (feat. Drake),Indigo,Chris Brown,6/28/2019,260640,84,0.696,0.123,0.696,0.454,0,0.155,-6.756,0.153,92.928,4,8/30/2019,9/6/2019
Money In The Grave (Drake ft. Rick Ross),The Best In The World Pack,Drake,6/15/2019,205426,82,0.831,0.101,0.831,0.502,0,0.122,-4.045,0.046,100.541,4,8/30/2019,9/6/2019
The London (feat. J. Cole & Travis Scott),So Much Fun,Young Thug,8/16/2019,200186,76,0.784,0.0249,0.784,0.517,1.44E-06,0.155,-8.981,0.209,97.991,4,8/30/2019,9/6/2019
Sunflower - Spider-Man: Into the Spider-Verse,Spider-Man: Into the Spider-Verse (Soundtrack From & Inspired by the Motion Picture),Various Artists,12/14/2018,158040,86,0.76,0.556,0.76,0.479,0,0.0703,-5.574,0.0466,89.911,4,8/30/2019,9/6/2019
Circles,Hollywood's Bleeding,Post Malone,9/6/2019,215280,1,0.695,0.192,0.695,0.762,0.00244,0.0863,-3.497,0.0395,120.042,4,9/6/2019,9/13/2019
Saint-Tropez,Hollywood's Bleeding,Post Malone,9/6/2019,150866,10,0.617,0.0545,0.617,0.684,0,0.104,-3.618,0.0439,132.113,4,9/6/2019,9/13/2019
Take What You Want (feat. Ozzy Osbourne & Travis Scott),Hollywood's Bleeding,Post Malone,9/6/2019,229573,1,0.499,0.0906,0.499,0.8,0,0.147,-2.665,0.0502,139.919,4,9/6/2019,9/13/2019
Enemies (feat. DaBaby),Hollywood's Bleeding,Post Malone,9/6/2019,196760,17,0.542,0.0588,0.542,0.674,0,0.0955,-4.169,0.21,76.388,4,9/6/2019,9/13/2019
Hollywood's Bleeding,Hollywood's Bleeding,Post Malone,9/6/2019,156266,0,0.405,0.331,0.405,0.646,0,0.103,-3.206,0.0476,130.218,4,9/6/2019,9/13/2019
Goodbyes (Feat. Young Thug),Goodbyes (Feat. Young Thug),Post Malone,7/5/2019,174960,13,0.58,0.447,0.58,0.653,0,0.111,-3.818,0.0745,150.231,4,9/6/2019,9/13/2019
Die For Me (feat. Future & Halsey),Hollywood's Bleeding,Post Malone,9/6/2019,245266,1,0.614,0.19,0.614,0.66,0,0.211,-2.848,0.0441,145.01,4,9/6/2019,9/13/2019
On The Road (feat. Meek Mill & Lil Baby),Hollywood's Bleeding,Post Malone,9/6/2019,218320,4,0.442,0.0589,0.442,0.737,0,0.102,-5.046,0.109,112.93,5,9/6/2019,9/13/2019
Sunflower - Spider-Man: Into the Spider-Verse,Hollywood's Bleeding,Post Malone,9/6/2019,157560,0,0.755,0.533,0.755,0.522,0,0.0685,-4.368,0.0575,89.96,4,9/6/2019,9/13/2019
A Thousand Bad Times,Hollywood's Bleeding,Post Malone,9/6/2019,221173,1,0.632,0.105,0.632,0.732,1.15E-05,0.111,-3.498,0.092,159,4,9/6/2019,9/13/2019
Circles,Hollywood's Bleeding,Post Malone,9/6/2019,215280,90,0.695,0.192,0.695,0.762,0.00244,0.0863,-3.497,0.0395,120.042,4,9/13/2019,9/20/2019
Ransom,We Love You Tecca,Lil Tecca,8/30/2019,131240,4,0.745,0.0204,0.745,0.642,0,0.0658,-6.257,0.287,179.974,4,9/13/2019,9/20/2019
Saint-Tropez,Hollywood's Bleeding,Post Malone,9/6/2019,150866,77,0.617,0.0545,0.617,0.684,0,0.104,-3.618,0.0439,132.113,4,9/13/2019,9/20/2019
Goodbyes (Feat. Young Thug),Goodbyes (Feat. Young Thug),Post Malone,7/5/2019,174960,13,0.58,0.447,0.58,0.653,0,0.111,-3.818,0.0745,150.231,4,9/13/2019,9/20/2019
Don’t Call Me Angel (Charlie’s Angels) (with Miley Cyrus & Lana Del Rey),Don’t Call Me Angel (Charlie’s Angels),Ariana Grande,9/13/2019,190106,5,0.643,0.00268,0.643,0.721,6.51E-06,0.0898,-5.248,0.0449,102.914,4,9/13/2019,9/20/2019
Enemies (feat. DaBaby),Hollywood's Bleeding,Post Malone,9/6/2019,196760,79,0.542,0.0588,0.542,0.674,0,0.0955,-4.169,0.21,76.388,4,9/13/2019,9/20/2019
Take What You Want (feat. Ozzy Osbourne & Travis Scott),Hollywood's Bleeding,Post Malone,9/6/2019,229573,80,0.499,0.0906,0.499,0.8,0,0.147,-2.665,0.0502,139.919,4,9/13/2019,9/20/2019
Truth Hurts,Cuz I Love You (Deluxe),Lizzo,5/3/2019,173325,72,0.715,0.11,0.715,0.624,0,0.123,-3.046,0.114,158.087,4,9/13/2019,9/20/2019
Sunflower - Spider-Man: Into the Spider-Verse,Hollywood's Bleeding,Post Malone,9/6/2019,157560,83,0.755,0.533,0.755,0.522,0,0.0685,-4.368,0.0575,89.96,4,9/13/2019,9/20/2019
Hollywood's Bleeding,Hollywood's Bleeding,Post Malone,9/6/2019,156266,79,0.405,0.331,0.405,0.646,0,0.103,-3.206,0.0476,130.218,4,9/13/2019,9/20/2019
Circles,Hollywood's Bleeding,Post Malone,9/6/2019,215280,90,0.695,0.192,0.695,0.762,0.00244,0.0863,-3.497,0.0395,120.042,4,9/20/2019,9/27/2019
Ransom,We Love You Tecca,Lil Tecca,8/30/2019,131240,4,0.745,0.0204,0.745,0.642,0,0.0658,-6.257,0.287,179.974,4,9/20/2019,9/27/2019
Saint-Tropez,Hollywood's Bleeding,Post Malone,9/6/2019,150866,77,0.617,0.0545,0.617,0.684,0,0.104,-3.618,0.0439,132.113,4,9/20/2019,9/27/2019
Goodbyes (Feat. Young Thug),Goodbyes (Feat. Young Thug),Post Malone,7/5/2019,174960,13,0.58,0.447,0.58,0.653,0,0.111,-3.818,0.0745,150.231,4,9/20/2019,9/27/2019
Truth Hurts,Cuz I Love You (Deluxe),Lizzo,5/3/2019,173325,72,0.715,0.11,0.715,0.624,0,0.123,-3.046,0.114,158.087,4,9/20/2019,9/27/2019
Take What You Want (feat. Ozzy Osbourne & Travis Scott),Hollywood's Bleeding,Post Malone,9/6/2019,229573,80,0.499,0.0906,0.499,0.8,0,0.147,-2.665,0.0502,139.919,4,9/20/2019,9/27/2019
Enemies (feat. DaBaby),Hollywood's Bleeding,Post Malone,9/6/2019,196760,79,0.542,0.0588,0.542,0.674,0,0.0955,-4.169,0.21,76.388,4,9/20/2019,9/27/2019
Sunflower - Spider-Man: Into the Spider-Verse,Hollywood's Bleeding,Post Malone,9/6/2019,157560,83,0.755,0.533,0.755,0.522,0,0.0685,-4.368,0.0575,89.96,4,9/20/2019,9/27/2019
223's (feat. 9lokknine),223's (feat. 9lokknine),YNW Melly,8/9/2019,176640,73,0.932,0.0388,0.932,0.547,0,0.0924,-7.787,0.333,94.998,4,9/20/2019,9/27/2019
Panini,Panini,Lil Nas X,9/13/2019,114893,76,0.703,0.342,0.703,0.594,0,0.123,-6.146,0.0752,153.848,4,9/20/2019,9/27/2019
Circles,Hollywood's Bleeding,Post Malone,9/6/2019,215280,90,0.695,0.192,0.695,0.762,0.00244,0.0863,-3.497,0.0395,120.042,4,9/27/2019,10/4/2019
Ransom,We Love You Tecca,Lil Tecca,8/30/2019,131240,4,0.745,0.0204,0.745,0.642,0,0.0658,-6.257,0.287,179.974,4,9/27/2019,10/4/2019
BOP,KIRK,DaBaby,9/27/2019,159714,85,0.769,0.189,0.769,0.787,0,0.129,-3.909,0.367,126.77,4,9/27/2019,10/4/2019
Truth Hurts,Cuz I Love You (Deluxe),Lizzo,5/3/2019,173325,72,0.715,0.11,0.715,0.624,0,0.123,-3.046,0.114,158.087,4,9/27/2019,10/4/2019
223's (feat. 9lokknine),223's (feat. 9lokknine),YNW Melly,8/9/2019,176640,73,0.932,0.0388,0.932,0.547,0,0.0924,-7.787,0.333,94.998,4,9/27/2019,10/4/2019
Goodbyes (Feat. Young Thug),Goodbyes (Feat. Young Thug),Post Malone,7/5/2019,174960,13,0.58,0.447,0.58,0.653,0,0.111,-3.818,0.0745,150.231,4,9/27/2019,10/4/2019
VIBEZ,KIRK,DaBaby,9/27/2019,144935,79,0.768,0.113,0.768,0.652,0,0.107,-2.708,0.307,154.187,4,9/27/2019,10/4/2019
Sunflower - Spider-Man: Into the Spider-Verse,Hollywood's Bleeding,Post Malone,9/6/2019,157560,83,0.755,0.533,0.755,0.522,0,0.0685,-4.368,0.0575,89.96,4,9/27/2019,10/4/2019
Saint-Tropez,Hollywood's Bleeding,Post Malone,9/6/2019,150866,77,0.617,0.0545,0.617,0.684,0,0.104,-3.618,0.0439,132.113,4,9/27/2019,10/4/2019
Panini,Panini,Lil Nas X,9/13/2019,114893,76,0.703,0.342,0.703,0.594,0,0.123,-6.146,0.0752,153.848,4,9/27/2019,10/4/2019
HIGHEST IN THE ROOM,HIGHEST IN THE ROOM,Travis Scott,10/4/2019,175720,89,0.598,0.0546,0.598,0.427,5.83E-06,0.21,-8.764,0.0317,76.469,4,10/4/2019,10/11/2019
"10,000 Hours (with Justin Bieber)","10,000 Hours (with Justin Bieber)",Dan + Shay,10/4/2019,167693,86,0.654,0.153,0.654,0.63,0,0.111,-4.644,0.0259,89.991,4,10/4/2019,10/11/2019
Circles,Hollywood's Bleeding,Post Malone,9/6/2019,215280,90,0.695,0.192,0.695,0.762,0.00244,0.0863,-3.497,0.0395,120.042,4,10/4/2019,10/11/2019
Bandit (with YoungBoy Never Broke Again),Bandit (with YoungBoy Never Broke Again),Juice WRLD,10/4/2019,189322,85,0.474,0.0687,0.474,0.631,0,0.132,-5.884,0.343,180.051,4,10/4/2019,10/11/2019
223's (feat. 9lokknine),223's (feat. 9lokknine),YNW Melly,8/9/2019,176640,73,0.932,0.0388,0.932,0.547,0,0.0924,-7.787,0.333,94.998,4,10/4/2019,10/11/2019
Truth Hurts,Cuz I Love You (Deluxe),Lizzo,5/3/2019,173325,72,0.715,0.11,0.715,0.624,0,0.123,-3.046,0.114,158.087,4,10/4/2019,10/11/2019
hot girl bummer,hot girl bummer,blackbear,8/23/2019,185093,46,0.778,0.128,0.778,0.559,0,0.399,-7.109,0.0776,129.989,1,10/4/2019,10/11/2019
Ransom,We Love You Tecca,Lil Tecca,8/30/2019,131240,84,0.745,0.0204,0.745,0.642,0,0.0658,-6.257,0.287,179.974,4,10/4/2019,10/11/2019
Someone You Loved,Divinely Uninspired To A Hellish Extent,Lewis Capaldi,5/17/2019,182160,91,0.501,0.751,0.501,0.405,0,0.105,-5.679,0.0319,109.891,4,10/4/2019,10/11/2019
Camelot,Camelot,NLE Choppa,9/13/2019,148759,75,0.787,0.0849,0.787,0.713,0,0.717,-5.252,0.401,175.046,4,10/4/2019,10/11/2019
HIGHEST IN THE ROOM,HIGHEST IN THE ROOM,Travis Scott,10/4/2019,175720,89,0.598,0.0546,0.598,0.427,5.83E-06,0.21,-8.764,0.0317,76.469,4,10/11/2019,10/18/2019
Lights Up,Lights Up,Harry Styles,10/11/2019,172226,16,0.585,0.0426,0.585,0.62,0.00224,0.15,-8.09,0.0327,101.939,4,10/11/2019,10/18/2019
Circles,Hollywood's Bleeding,Post Malone,9/6/2019,215280,90,0.695,0.192,0.695,0.762,0.00244,0.0863,-3.497,0.0395,120.042,4,10/11/2019,10/18/2019
Bandit (with YoungBoy Never Broke Again),Bandit (with YoungBoy Never Broke Again),Juice WRLD,10/4/2019,189322,85,0.474,0.0687,0.474,0.631,0,0.132,-5.884,0.343,180.051,4,10/11/2019,10/18/2019
"10,000 Hours (with Justin Bieber)","10,000 Hours (with Justin Bieber)",Dan + Shay,10/4/2019,167693,86,0.654,0.153,0.654,0.63,0,0.111,-4.644,0.0259,89.991,4,10/11/2019,10/18/2019
223's (feat. 9lokknine),223's (feat. 9lokknine),YNW Melly,8/9/2019,176640,73,0.932,0.0388,0.932,0.547,0,0.0924,-7.787,0.333,94.998,4,10/11/2019,10/18/2019
hot girl bummer,hot girl bummer,blackbear,8/23/2019,185093,46,0.778,0.128,0.778,0.559,0,0.399,-7.109,0.0776,129.989,1,10/11/2019,10/18/2019
Truth Hurts,Cuz I Love You (Deluxe),Lizzo,5/3/2019,173325,72,0.715,0.11,0.715,0.624,0,0.123,-3.046,0.114,158.087,4,10/11/2019,10/18/2019
Ransom,We Love You Tecca,Lil Tecca,8/30/2019,131240,84,0.745,0.0204,0.745,0.642,0,0.0658,-6.257,0.287,179.974,4,10/11/2019,10/18/2019
Someone You Loved,Divinely Uninspired To A Hellish Extent,Lewis Capaldi,5/17/2019,182160,91,0.501,0.751,0.501,0.405,0,0.105,-5.679,0.0319,109.891,4,10/11/2019,10/18/2019
HIGHEST IN THE ROOM,HIGHEST IN THE ROOM,Travis Scott,10/4/2019,175720,89,0.598,0.0546,0.598,0.427,5.83E-06,0.21,-8.764,0.0317,76.469,4,10/18/2019,10/25/2019
Circles,Hollywood's Bleeding,Post Malone,9/6/2019,215280,90,0.695,0.192,0.695,0.762,0.00244,0.0863,-3.497,0.0395,120.042,4,10/18/2019,10/25/2019
Bandit (with YoungBoy Never Broke Again),Bandit (with YoungBoy Never Broke Again),Juice WRLD,10/4/2019,189322,85,0.474,0.0687,0.474,0.631,0,0.132,-5.884,0.343,180.051,4,10/18/2019,10/25/2019
hot girl bummer,hot girl bummer,blackbear,8/23/2019,185093,46,0.778,0.128,0.778,0.559,0,0.399,-7.109,0.0776,129.989,1,10/18/2019,10/25/2019
"10,000 Hours (with Justin Bieber)","10,000 Hours (with Justin Bieber)",Dan + Shay,10/4/2019,167693,86,0.654,0.153,0.654,0.63,0,0.111,-4.644,0.0259,89.991,4,10/18/2019,10/25/2019
Lights Up,Lights Up,Harry Styles,10/11/2019,172226,16,0.585,0.0426,0.585,0.62,0.00224,0.15,-8.09,0.0327,101.939,4,10/18/2019,10/25/2019
223's (feat. 9lokknine),223's (feat. 9lokknine),YNW Melly,8/9/2019,176640,73,0.932,0.0388,0.932,0.547,0,0.0924,-7.787,0.333,94.998,4,10/18/2019,10/25/2019
Someone You Loved,Divinely Uninspired To A Hellish Extent,Lewis Capaldi,5/17/2019,182160,91,0.501,0.751,0.501,0.405,0,0.105,-5.679,0.0319,109.891,4,10/18/2019,10/25/2019
Truth Hurts,Cuz I Love You (Deluxe),Lizzo,5/3/2019,173325,72,0.715,0.11,0.715,0.624,0,0.123,-3.046,0.114,158.087,4,10/18/2019,10/25/2019
Hot (feat. Gunna),So Much Fun,Young Thug,8/16/2019,193026,76,0.855,0.063,0.855,0.651,0,0.0772,-8.044,0.235,111.997,4,10/18/2019,10/25/2019
Follow God,JESUS IS KING,Kanye West,10/25/2019,104591,75,0.529,0.000248,0.529,0.9,1.21E-05,0.0426,-3.503,0.418,180.291,4,10/25/2019,11/1/2019
Lose You To Love Me,Lose You To Love Me,Selena Gomez,10/23/2019,206458,18,0.505,0.576,0.505,0.34,0,0.21,-9.005,0.0438,101.993,4,10/25/2019,11/1/2019
HIGHEST IN THE ROOM,HIGHEST IN THE ROOM,Travis Scott,10/4/2019,175720,89,0.598,0.0546,0.598,0.427,5.83E-06,0.21,-8.764,0.0317,76.469,4,10/25/2019,11/1/2019
Closed On Sunday,JESUS IS KING,Kanye West,10/25/2019,151873,66,0.799,0.873,0.799,0.291,0.000641,0.139,-7.353,0.0318,97.984,4,10/25/2019,11/1/2019
On God,JESUS IS KING,Kanye West,10/25/2019,136350,64,0.41,0.0671,0.41,0.886,0,0.461,-4.413,0.155,72.577,4,10/25/2019,11/1/2019
Circles,Hollywood's Bleeding,Post Malone,9/6/2019,215280,90,0.695,0.192,0.695,0.762,0.00244,0.0863,-3.497,0.0395,120.042,4,10/25/2019,11/1/2019
Selah,JESUS IS KING,Kanye West,10/25/2019,164619,64,0.482,0.647,0.482,0.618,0.000859,0.32,-5.673,0.197,90.076,3,10/25/2019,11/1/2019
Everything We Need,JESUS IS KING,Kanye West,10/25/2019,116559,63,0.894,0.312,0.894,0.416,0,0.146,-6.823,0.0538,116.96,4,10/25/2019,11/1/2019
Bandit (with YoungBoy Never Broke Again),Bandit (with YoungBoy Never Broke Again),Juice WRLD,10/4/2019,189322,85,0.474,0.0687,0.474,0.631,0,0.132,-5.884,0.343,180.051,4,10/25/2019,11/1/2019
Use This Gospel,JESUS IS KING,Kanye West,10/25/2019,213877,65,0.611,0.614,0.611,0.459,0,0.126,-3.926,0.0422,148.28,4,10/25/2019,11/1/2019
HIGHEST IN THE ROOM,HIGHEST IN THE ROOM,Travis Scott,10/4/2019,175720,89,0.598,0.0546,0.598,0.427,5.83E-06,0.21,-8.764,0.0317,76.469,4,11/1/2019,11/8/2019
Circles,Hollywood's Bleeding,Post Malone,9/6/2019,215280,90,0.695,0.192,0.695,0.762,0.00244,0.0863,-3.497,0.0395,120.042,4,11/1/2019,11/8/2019
Lose You To Love Me,Lose You To Love Me,Selena Gomez,10/23/2019,206458,18,0.505,0.576,0.505,0.34,0,0.21,-9.005,0.0438,101.993,4,11/1/2019,11/8/2019
Bandit (with YoungBoy Never Broke Again),Bandit (with YoungBoy Never Broke Again),Juice WRLD,10/4/2019,189322,85,0.474,0.0687,0.474,0.631,0,0.132,-5.884,0.343,180.051,4,11/1/2019,11/8/2019
ROXANNE,ROXANNE,Arizona Zervas,10/10/2019,163636,3,0.621,0.0522,0.621,0.601,0,0.46,-5.616,0.148,116.735,5,11/1/2019,11/8/2019
Follow God,JESUS IS KING,Kanye West,10/25/2019,104591,75,0.529,0.000248,0.529,0.9,1.21E-05,0.0426,-3.503,0.418,180.291,4,11/1/2019,11/8/2019
Don't Start Now,Don't Start Now,Dua Lipa,10/31/2019,183290,87,0.794,0.0125,0.794,0.793,0,0.0952,-4.521,0.0842,123.941,4,11/1/2019,11/8/2019
Someone You Loved,Divinely Uninspired To A Hellish Extent,Lewis Capaldi,5/17/2019,182160,91,0.501,0.751,0.501,0.405,0,0.105,-5.679,0.0319,109.891,4,11/1/2019,11/8/2019
hot girl bummer,hot girl bummer,blackbear,8/23/2019,185093,46,0.778,0.128,0.778,0.559,0,0.399,-7.109,0.0776,129.989,1,11/1/2019,11/8/2019
223's (feat. 9lokknine),223's (feat. 9lokknine),YNW Melly,8/9/2019,176640,73,0.932,0.0388,0.932,0.547,0,0.0924,-7.787,0.333,94.998,4,11/1/2019,11/8/2019
ROXANNE,ROXANNE,Arizona Zervas,10/10/2019,163636,3,0.621,0.0522,0.621,0.601,0,0.46,-5.616,0.148,116.735,5,11/8/2019,11/15/2019
Circles,Hollywood's Bleeding,Post Malone,9/6/2019,215280,90,0.695,0.192,0.695,0.762,0.00244,0.0863,-3.497,0.0395,120.042,4,11/8/2019,11/15/2019
HIGHEST IN THE ROOM,HIGHEST IN THE ROOM,Travis Scott,10/4/2019,175720,89,0.598,0.0546,0.598,0.427,5.83E-06,0.21,-8.764,0.0317,76.469,4,11/8/2019,11/15/2019
Bandit (with YoungBoy Never Broke Again),Bandit (with YoungBoy Never Broke Again),Juice WRLD,10/4/2019,189322,85,0.474,0.0687,0.474,0.631,0,0.132,-5.884,0.343,180.051,4,11/8/2019,11/15/2019
Lose You To Love Me,Lose You To Love Me,Selena Gomez,10/23/2019,206458,18,0.505,0.576,0.505,0.34,0,0.21,-9.005,0.0438,101.993,4,11/8/2019,11/15/2019
Someone You Loved,Divinely Uninspired To A Hellish Extent,Lewis Capaldi,5/17/2019,182160,91,0.501,0.751,0.501,0.405,0,0.105,-5.679,0.0319,109.891,4,11/8/2019,11/15/2019
223's (feat. 9lokknine),223's (feat. 9lokknine),YNW Melly,8/9/2019,176640,73,0.932,0.0388,0.932,0.547,0,0.0924,-7.787,0.333,94.998,4,11/8/2019,11/15/2019
hot girl bummer,hot girl bummer,blackbear,8/23/2019,185093,46,0.778,0.128,0.778,0.559,0,0.399,-7.109,0.0776,129.989,1,11/8/2019,11/15/2019
Stuck In A Dream (feat. Gunna),Certified Hitmaker,Lil Mosey,11/8/2019,123560,79,0.748,0.484,0.748,0.648,0,0.126,-6.445,0.0816,139.952,4,11/8/2019,11/15/2019
Memories,Memories,Maroon 5,9/20/2019,189486,90,0.764,0.837,0.764,0.32,0,0.0822,-7.209,0.0546,91.019,4,11/8/2019,11/15/2019
everything i wanted,everything i wanted,Billie Eilish,11/13/2019,245425,88,0.704,0.902,0.704,0.225,0.657,0.106,-14.454,0.0994,120.006,4,11/15/2019,11/22/2019
ROXANNE,ROXANNE,Arizona Zervas,10/10/2019,163636,88,0.621,0.0522,0.621,0.601,0,0.46,-5.616,0.148,116.735,5,11/15/2019,11/22/2019
Circles,Hollywood's Bleeding,Post Malone,9/6/2019,215280,90,0.695,0.192,0.695,0.762,0.00244,0.0863,-3.497,0.0395,120.042,4,11/15/2019,11/22/2019
HIGHEST IN THE ROOM,HIGHEST IN THE ROOM,Travis Scott,10/4/2019,175720,89,0.598,0.0546,0.598,0.427,5.83E-06,0.21,-8.764,0.0317,76.469,4,11/15/2019,11/22/2019
Bandit (with YoungBoy Never Broke Again),Bandit (with YoungBoy Never Broke Again),Juice WRLD,10/4/2019,189322,85,0.474,0.0687,0.474,0.631,0,0.132,-5.884,0.343,180.051,4,11/15/2019,11/22/2019
Lose You To Love Me,Lose You To Love Me,Selena Gomez,10/23/2019,206458,18,0.505,0.576,0.505,0.34,0,0.21,-9.005,0.0438,101.993,4,11/15/2019,11/22/2019
Someone You Loved,Divinely Uninspired To A Hellish Extent,Lewis Capaldi,5/17/2019,182160,91,0.501,0.751,0.501,0.405,0,0.105,-5.679,0.0319,109.891,4,11/15/2019,11/22/2019
hot girl bummer,hot girl bummer,blackbear,8/23/2019,185093,46,0.778,0.128,0.778,0.559,0,0.399,-7.109,0.0776,129.989,1,11/15/2019,11/22/2019
Memories,Memories,Maroon 5,9/20/2019,189486,90,0.764,0.837,0.764,0.32,0,0.0822,-7.209,0.0546,91.019,4,11/15/2019,11/22/2019
Watermelon Sugar,Watermelon Sugar,Harry Styles,11/17/2019,174000,82,0.548,0.122,0.548,0.816,0,0.335,-4.209,0.0465,95.39,4,11/15/2019,11/22/2019
ROXANNE,ROXANNE,Arizona Zervas,10/10/2019,163636,88,0.621,0.0522,0.621,0.601,0,0.46,-5.616,0.148,116.735,5,11/22/2019,11/29/2019
Circles,Hollywood's Bleeding,Post Malone,9/6/2019,215280,90,0.695,0.192,0.695,0.762,0.00244,0.0863,-3.497,0.0395,120.042,4,11/22/2019,11/29/2019
everything i wanted,everything i wanted,Billie Eilish,11/13/2019,245425,88,0.704,0.902,0.704,0.225,0.657,0.106,-14.454,0.0994,120.006,4,11/22/2019,11/29/2019
HIGHEST IN THE ROOM,HIGHEST IN THE ROOM,Travis Scott,10/4/2019,175720,89,0.598,0.0546,0.598,0.427,5.83E-06,0.21,-8.764,0.0317,76.469,4,11/22/2019,11/29/2019
Bandit (with YoungBoy Never Broke Again),Bandit (with YoungBoy Never Broke Again),Juice WRLD,10/4/2019,189322,85,0.474,0.0687,0.474,0.631,0,0.132,-5.884,0.343,180.051,4,11/22/2019,11/29/2019
Falling,Falling,Trevor Daniel,10/5/2018,159381,87,0.785,0.123,0.785,0.431,0,0.0887,-8.756,0.0364,127.085,4,11/22/2019,11/29/2019
BOP,KIRK,DaBaby,9/27/2019,159714,85,0.769,0.189,0.769,0.787,0,0.129,-3.909,0.367,126.77,4,11/22/2019,11/29/2019
Vete,Vete,Bad Bunny,11/21/2019,192024,81,0.886,0.0363,0.886,0.672,8.78E-06,0.101,-4.394,0.188,91.976,4,11/22/2019,11/29/2019
Lose You To Love Me,Lose You To Love Me,Selena Gomez,10/23/2019,206458,18,0.505,0.576,0.505,0.34,0,0.21,-9.005,0.0438,101.993,4,11/22/2019,11/29/2019
Dance Monkey,Dance Monkey,Tones And I,5/10/2019,209754,71,0.825,0.688,0.825,0.593,0.000161,0.17,-6.401,0.0988,98.078,4,11/22/2019,11/29/2019
Heartless,Heartless,The Weeknd,11/27/2019,200080,11,0.531,0.00632,0.531,0.75,7.60E-05,0.117,-5.831,0.111,169.954,4,11/29/2019,12/6/2019
ROXANNE,ROXANNE,Arizona Zervas,10/10/2019,163636,88,0.621,0.0522,0.621,0.601,0,0.46,-5.616,0.148,116.735,5,11/29/2019,12/6/2019
Blinding Lights,Blinding Lights,The Weeknd,11/29/2019,201573,26,0.513,0.00147,0.513,0.796,0.000209,0.0938,-4.075,0.0629,171.017,4,11/29/2019,12/6/2019
Circles,Hollywood's Bleeding,Post Malone,9/6/2019,215280,90,0.695,0.192,0.695,0.762,0.00244,0.0863,-3.497,0.0395,120.042,4,11/29/2019,12/6/2019
everything i wanted,everything i wanted,Billie Eilish,11/13/2019,245425,88,0.704,0.902,0.704,0.225,0.657,0.106,-14.454,0.0994,120.006,4,11/29/2019,12/6/2019
Falling,Falling,Trevor Daniel,10/5/2018,159381,87,0.785,0.123,0.785,0.431,0,0.0887,-8.756,0.0364,127.085,4,11/29/2019,12/6/2019
HIGHEST IN THE ROOM,HIGHEST IN THE ROOM,Travis Scott,10/4/2019,175720,89,0.598,0.0546,0.598,0.427,5.83E-06,0.21,-8.764,0.0317,76.469,4,11/29/2019,12/6/2019
BOP,KIRK,DaBaby,9/27/2019,159714,85,0.769,0.189,0.769,0.787,0,0.129,-3.909,0.367,126.77,4,11/29/2019,12/6/2019
All I Want for Christmas Is You,Merry Christmas,Mariah Carey,11/1/1994,241106,97,0.336,0.164,0.336,0.627,0,0.0708,-7.463,0.0384,150.273,4,11/29/2019,12/6/2019
Bandit (with YoungBoy Never Broke Again),Bandit (with YoungBoy Never Broke Again),Juice WRLD,10/4/2019,189322,85,0.474,0.0687,0.474,0.631,0,0.132,-5.884,0.343,180.051,4,11/29/2019,12/6/2019
ROXANNE,ROXANNE,Arizona Zervas,10/10/2019,163636,88,0.621,0.0522,0.621,0.601,0,0.46,-5.616,0.148,116.735,5,12/6/2019,12/13/2019
Bandit (with YoungBoy Never Broke Again),Bandit (with YoungBoy Never Broke Again),Juice WRLD,10/4/2019,189322,85,0.474,0.0687,0.474,0.631,0,0.132,-5.884,0.343,180.051,4,12/6/2019,12/13/2019
Lucid Dreams,Goodbye & Good Riddance,Juice WRLD,12/10/2018,239835,89,0.511,0.349,0.511,0.566,0,0.34,-7.23,0.2,83.903,4,12/6/2019,12/13/2019
Circles,Hollywood's Bleeding,Post Malone,9/6/2019,215280,90,0.695,0.192,0.695,0.762,0.00244,0.0863,-3.497,0.0395,120.042,4,12/6/2019,12/13/2019
Adore You,Adore You,Harry Styles,12/6/2019,207133,78,0.676,0.0237,0.676,0.771,7.00E-06,0.102,-3.675,0.0483,99.048,4,12/6/2019,12/13/2019
Heartless,Heartless,The Weeknd,11/27/2019,200080,11,0.531,0.00632,0.531,0.75,7.60E-05,0.117,-5.831,0.111,169.954,4,12/6/2019,12/13/2019
Falling,Falling,Trevor Daniel,10/5/2018,159381,87,0.785,0.123,0.785,0.431,0,0.0887,-8.756,0.0364,127.085,4,12/6/2019,12/13/2019
Robbery,Death Race For Love,Juice WRLD,3/8/2019,240050,89,0.685,0.328,0.685,0.692,0,0.153,-5.122,0.0457,159.966,5,12/6/2019,12/13/2019
BOP,KIRK,DaBaby,9/27/2019,159714,85,0.769,0.189,0.769,0.787,0,0.129,-3.909,0.367,126.77,4,12/6/2019,12/13/2019
HIGHEST IN THE ROOM,HIGHEST IN THE ROOM,Travis Scott,10/4/2019,175720,89,0.598,0.0546,0.598,0.427,5.83E-06,0.21,-8.764,0.0317,76.469,4,12/6/2019,12/13/2019
Futsal Shuffle 2020,Futsal Shuffle 2020,Lil Uzi Vert,12/12/2019,198912,73,0.881,0.0327,0.881,0.457,0,0.231,-8.191,0.156,136.97,4,12/13/2019,12/20/2019
ROXANNE,ROXANNE,Arizona Zervas,10/10/2019,163636,88,0.621,0.0522,0.621,0.601,0,0.46,-5.616,0.148,116.735,5,12/13/2019,12/20/2019
Adore You,Fine Line,Harry Styles,12/13/2019,207133,88,0.676,0.0237,0.676,0.771,7.00E-06,0.102,-3.675,0.0483,99.048,4,12/13/2019,12/20/2019
Circles,Hollywood's Bleeding,Post Malone,9/6/2019,215280,90,0.695,0.192,0.695,0.762,0.00244,0.0863,-3.497,0.0395,120.042,4,12/13/2019,12/20/2019
Watermelon Sugar,Fine Line,Harry Styles,12/13/2019,174000,93,0.548,0.122,0.548,0.816,0,0.335,-4.209,0.0465,95.39,4,12/13/2019,12/20/2019
Bandit (with YoungBoy Never Broke Again),Bandit (with YoungBoy Never Broke Again),Juice WRLD,10/4/2019,189322,85,0.474,0.0687,0.474,0.631,0,0.132,-5.884,0.343,180.051,4,12/13/2019,12/20/2019
The Box,Please Excuse Me For Being Antisocial,Roddy Ricch,12/6/2019,196652,90,0.896,0.104,0.896,0.586,0,0.79,-6.687,0.0559,116.971,4,12/13/2019,12/20/2019
Falling,Falling,Trevor Daniel,10/5/2018,159381,87,0.785,0.123,0.785,0.431,0,0.0887,-8.756,0.0364,127.085,4,12/13/2019,12/20/2019
BOP,KIRK,DaBaby,9/27/2019,159714,85,0.769,0.189,0.769,0.787,0,0.129,-3.909,0.367,126.77,4,12/13/2019,12/20/2019
All I Want for Christmas Is You,Merry Christmas,Mariah Carey,11/1/1994,241106,97,0.336,0.164,0.336,0.627,0,0.0708,-7.463,0.0384,150.273,4,12/13/2019,12/20/2019
The Box,Please Excuse Me For Being Antisocial,Roddy Ricch,12/6/2019,196652,90,0.896,0.104,0.896,0.586,0,0.79,-6.687,0.0559,116.971,4,12/20/2019,12/27/2019
All I Want for Christmas Is You,Merry Christmas,Mariah Carey,11/1/1994,241106,97,0.336,0.164,0.336,0.627,0,0.0708,-7.463,0.0384,150.273,4,12/20/2019,12/27/2019
ROXANNE,ROXANNE,Arizona Zervas,10/10/2019,163636,88,0.621,0.0522,0.621,0.601,0,0.46,-5.616,0.148,116.735,5,12/20/2019,12/27/2019
Rockin' Around The Christmas Tree,Merry Christmas From Brenda Lee,Brenda Lee,10/19/1964,126266,94,0.589,0.614,0.589,0.472,0,0.505,-8.749,0.0502,67.196,4,12/20/2019,12/27/2019
Jingle Bell Rock,The Classic Years: 1956-1962,Bobby Helms,1/1/1992,130973,82,0.754,0.643,0.754,0.424,0,0.0652,-8.463,0.0363,119.705,4,12/20/2019,12/27/2019
Futsal Shuffle 2020,Futsal Shuffle 2020,Lil Uzi Vert,12/12/2019,198912,73,0.881,0.0327,0.881,0.457,0,0.231,-8.191,0.156,136.97,4,12/20/2019,12/27/2019
Circles,Hollywood's Bleeding,Post Malone,9/6/2019,215280,90,0.695,0.192,0.695,0.762,0.00244,0.0863,-3.497,0.0395,120.042,4,12/20/2019,12/27/2019
It's the Most Wonderful Time of the Year,The Andy Williams Christmas Album,Andy Williams,1963,151000,68,0.234,0.871,0.234,0.526,2.34E-06,0.122,-11.656,0.0411,201.739,3,12/20/2019,12/27/2019
Falling,Falling,Trevor Daniel,10/5/2018,159381,87,0.785,0.123,0.785,0.431,0,0.0887,-8.756,0.0364,127.085,4,12/20/2019,12/27/2019
Bandit (with YoungBoy Never Broke Again),Bandit (with YoungBoy Never Broke Again),Juice WRLD,10/4/2019,189322,85,0.474,0.0687,0.474,0.631,0,0.132,-5.884,0.343,180.051,4,12/20/2019,12/27/2019
The Box,Please Excuse Me For Being Antisocial,Roddy Ricch,12/6/2019,196652,90,0.896,0.104,0.896,0.586,0,0.79,-6.687,0.0559,116.971,4,1/3/2020,1/10/2020
ROXANNE,ROXANNE,Arizona Zervas,10/10/2019,163636,88,0.621,0.0522,0.621,0.601,0,0.46,-5.616,0.148,116.735,5,1/3/2020,1/10/2020
Yummy,Yummy,Justin Bieber,1/3/2020,210426,79,0.687,0.366,0.687,0.514,0,0.116,-6.612,0.0897,145.921,4,1/3/2020,1/10/2020
Circles,Hollywood's Bleeding,Post Malone,9/6/2019,215280,90,0.695,0.192,0.695,0.762,0.00244,0.0863,-3.497,0.0395,120.042,4,1/3/2020,1/10/2020
BOP,KIRK,DaBaby,9/27/2019,159714,85,0.769,0.189,0.769,0.787,0,0.129,-3.909,0.367,126.77,4,1/3/2020,1/10/2020
Falling,Falling,Trevor Daniel,10/5/2018,159381,87,0.785,0.123,0.785,0.431,0,0.0887,-8.756,0.0364,127.085,4,1/3/2020,1/10/2020
Dance Monkey,Dance Monkey,Tones And I,5/10/2019,209754,71,0.825,0.688,0.825,0.593,0.000161,0.17,-6.401,0.0988,98.078,4,1/3/2020,1/10/2020
Bandit (with YoungBoy Never Broke Again),Bandit (with YoungBoy Never Broke Again),Juice WRLD,10/4/2019,189322,85,0.474,0.0687,0.474,0.631,0,0.132,-5.884,0.343,180.051,4,1/3/2020,1/10/2020
Futsal Shuffle 2020,Futsal Shuffle 2020,Lil Uzi Vert,12/12/2019,198912,73,0.881,0.0327,0.881,0.457,0,0.231,-8.191,0.156,136.97,4,1/3/2020,1/10/2020
everything i wanted,everything i wanted,Billie Eilish,11/13/2019,245425,88,0.704,0.902,0.704,0.225,0.657,0.106,-14.454,0.0994,120.006,4,1/3/2020,1/10/2020
7 rings,7 rings,Ariana Grande,1/18/2019,178640,7,0.725,0.578,0.725,0.321,0,0.0884,-10.744,0.323,70.142,4,1/18/2019,1/25/2019
Sunflower - Spider-Man: Into the Spider-Verse,Spider-Man: Into the Spider-Verse (Soundtrack From & Inspired by the Motion Picture),Various Artists,12/14/2018,158040,86,0.76,0.556,0.76,0.479,0,0.0703,-5.574,0.0466,89.911,4,1/18/2019,1/25/2019
Wow.,Wow.,Post Malone,12/24/2018,149520,18,0.833,0.163,0.833,0.539,2.10E-06,0.101,-7.399,0.178,99.947,4,1/18/2019,1/25/2019
Going Bad (feat. Drake),Championships,Meek Mill,11/30/2018,180522,82,0.889,0.259,0.889,0.496,0,0.252,-6.365,0.0905,86.003,4,1/18/2019,1/25/2019
Without Me,Without Me,Halsey,10/4/2018,201660,83,0.752,0.297,0.752,0.488,9.11E-06,0.0936,-7.05,0.0705,136.041,4,1/18/2019,1/25/2019
Drip Too Hard (Lil Baby & Gunna),Drip Harder,Lil Baby,10/5/2018,145542,83,0.897,0.0852,0.897,0.662,0,0.534,-6.903,0.292,112.511,4,1/18/2019,1/25/2019
"thank u, next","thank u, next",Ariana Grande,11/3/2018,207333,8,0.724,0.28,0.724,0.647,0,0.102,-5.642,0.0658,106.96,4,1/18/2019,1/25/2019
SICKO MODE,ASTROWORLD,Travis Scott,8/3/2018,312820,88,0.834,0.00513,0.834,0.73,0,0.124,-3.714,0.222,155.008,4,1/18/2019,1/25/2019
ZEZE (feat. Travis Scott & Offset),Dying to Live,Kodak Black,12/14/2018,228759,81,0.861,0.0521,0.861,0.603,0,0.0924,-5.788,0.176,98.043,4,1/18/2019,1/25/2019
Look Back at It,Hoodie SZN,A Boogie Wit da Hoodie,12/21/2018,179449,77,0.791,0.407,0.791,0.587,0,0.148,-5.075,0.0413,96.057,4,1/18/2019,1/25/2019
The Box,Please Excuse Me For Being Antisocial,Roddy Ricch,12/6/2019,196652,90,0.896,0.104,0.896,0.586,0,0.79,-6.687,0.0559,116.971,4,12/27/2019,1/3/2020
ROXANNE,ROXANNE,Arizona Zervas,10/10/2019,163636,88,0.621,0.0522,0.621,0.601,0,0.46,-5.616,0.148,116.735,5,12/27/2019,1/3/2020
Circles,Hollywood's Bleeding,Post Malone,9/6/2019,215280,90,0.695,0.192,0.695,0.762,0.00244,0.0863,-3.497,0.0395,120.042,4,12/27/2019,1/3/2020
BOP,KIRK,DaBaby,9/27/2019,159714,85,0.769,0.189,0.769,0.787,0,0.129,-3.909,0.367,126.77,4,12/27/2019,1/3/2020
Falling,Falling,Trevor Daniel,10/5/2018,159381,87,0.785,0.123,0.785,0.431,0,0.0887,-8.756,0.0364,127.085,4,12/27/2019,1/3/2020
OUT WEST (feat. Young Thug),JACKBOYS,JACKBOYS,12/27/2019,157712,84,0.802,0.0104,0.802,0.591,0,0.196,-4.895,0.225,139.864,4,12/27/2019,1/3/2020
Bandit (with YoungBoy Never Broke Again),Bandit (with YoungBoy Never Broke Again),Juice WRLD,10/4/2019,189322,85,0.474,0.0687,0.474,0.631,0,0.132,-5.884,0.343,180.051,4,12/27/2019,1/3/2020
Futsal Shuffle 2020,Futsal Shuffle 2020,Lil Uzi Vert,12/12/2019,198912,73,0.881,0.0327,0.881,0.457,0,0.231,-8.191,0.156,136.97,4,12/27/2019,1/3/2020
Dance Monkey,Dance Monkey,Tones And I,5/10/2019,209754,71,0.825,0.688,0.825,0.593,0.000161,0.17,-6.401,0.0988,98.078,4,12/27/2019,1/3/2020
HIGHEST IN THE ROOM (feat. ROSALÍA & Lil Baby) - REMIX,JACKBOYS,JACKBOYS,12/27/2019,244873,74,0.559,0.0567,0.559,0.491,0,0.0992,-6.406,0.0346,153.131,4,12/27/2019,1/3/2020
Sucker,Sucker,Jonas Brothers,3/1/2019,181040,13,0.842,0.0427,0.842,0.734,0,0.106,-5.065,0.0588,137.958,4,3/8/2019,3/15/2019
MIDDLE CHILD,MIDDLE CHILD,J. Cole,1/23/2019,213593,83,0.837,0.149,0.837,0.364,0,0.271,-11.713,0.276,123.984,4,3/8/2019,3/15/2019
Robbery,Death Race For Love,Juice WRLD,3/8/2019,240050,89,0.685,0.328,0.685,0.692,0,0.153,-5.122,0.0457,159.966,5,3/8/2019,3/15/2019
7 rings,"thank u, next",Ariana Grande,2/8/2019,178626,87,0.778,0.592,0.778,0.317,0,0.0881,-10.732,0.334,140.048,4,3/8/2019,3/15/2019
Murder On My Mind,I AM YOU,YNW Melly,8/3/2018,268434,83,0.759,0.145,0.759,0.73,3.06E-06,0.11,-7.985,0.0516,115.007,4,3/8/2019,3/15/2019
Sunflower - Spider-Man: Into the Spider-Verse,Spider-Man: Into the Spider-Verse (Soundtrack From & Inspired by the Motion Picture),Various Artists,12/14/2018,158040,86,0.76,0.556,0.76,0.479,0,0.0703,-5.574,0.0466,89.911,4,3/8/2019,3/15/2019
Wow.,Wow.,Post Malone,12/24/2018,149520,18,0.833,0.163,0.833,0.539,2.10E-06,0.101,-7.399,0.178,99.947,4,3/8/2019,3/15/2019
Fast,Death Race For Love,Juice WRLD,3/8/2019,208517,78,0.623,0.426,0.623,0.608,0,0.105,-5.937,0.0434,84.98,4,3/8/2019,3/15/2019
"break up with your girlfriend, i'm bored","thank u, next",Ariana Grande,2/8/2019,190440,80,0.726,0.0421,0.726,0.554,0,0.106,-5.29,0.0917,169.999,4,3/8/2019,3/15/2019
Going Bad (feat. Drake),Championships,Meek Mill,11/30/2018,180522,82,0.889,0.259,0.889,0.496,0,0.252,-6.365,0.0905,86.003,4,3/8/2019,3/15/2019
The Box,Please Excuse Me For Being Antisocial,Roddy Ricch,12/6/2019,196652,90,0.896,0.104,0.896,0.586,0,0.79,-6.687,0.0559,116.971,4,1/10/2020,1/17/2020
Life Is Good (feat. Drake),Life Is Good (feat. Drake),Future,1/10/2020,237735,86,0.676,0.0706,0.676,0.609,0,0.152,-5.831,0.481,142.037,4,1/10/2020,1/17/2020
Good News,Good News,Mac Miller,1/9/2020,342040,67,0.794,0.853,0.794,0.32,0.134,0.112,-12.92,0.173,174.088,4,1/10/2020,1/17/2020
ROXANNE,ROXANNE,Arizona Zervas,10/10/2019,163636,88,0.621,0.0522,0.621,0.601,0,0.46,-5.616,0.148,116.735,5,1/10/2020,1/17/2020
BOP,KIRK,DaBaby,9/27/2019,159714,85,0.769,0.189,0.769,0.787,0,0.129,-3.909,0.367,126.77,4,1/10/2020,1/17/2020
Yummy,Yummy,Justin Bieber,1/3/2020,210426,79,0.687,0.366,0.687,0.514,0,0.116,-6.612,0.0897,145.921,4,1/10/2020,1/17/2020
Circles,Hollywood's Bleeding,Post Malone,9/6/2019,215280,90,0.695,0.192,0.695,0.762,0.00244,0.0863,-3.497,0.0395,120.042,4,1/10/2020,1/17/2020
Falling,Falling,Trevor Daniel,10/5/2018,159381,87,0.785,0.123,0.785,0.431,0,0.0887,-8.756,0.0364,127.085,4,1/10/2020,1/17/2020
Futsal Shuffle 2020,Futsal Shuffle 2020,Lil Uzi Vert,12/12/2019,198912,73,0.881,0.0327,0.881,0.457,0,0.231,-8.191,0.156,136.97,4,1/10/2020,1/17/2020
Suicidal,Melly vs. Melvin,YNW Melly,11/22/2019,222997,81,0.735,0.334,0.735,0.369,0,0.126,-9.682,0.0688,140.004,4,1/10/2020,1/17/2020
The Box,Please Excuse Me For Being Antisocial,Roddy Ricch,12/6/2019,196652,90,0.896,0.104,0.896,0.586,0,0.79,-6.687,0.0559,116.971,4,1/17/2020,1/24/2020
Godzilla (feat. Juice WRLD),Music To Be Murdered By,Eminem,1/17/2020,210800,87,0.808,0.145,0.808,0.745,0,0.292,-5.26,0.342,165.995,4,1/17/2020,1/24/2020
Life Is Good (feat. Drake),Life Is Good (feat. Drake),Future,1/10/2020,237735,86,0.676,0.0706,0.676,0.609,0,0.152,-5.831,0.481,142.037,4,1/17/2020,1/24/2020
Good News,Circles,Mac Miller,1/17/2020,342040,78,0.794,0.853,0.794,0.32,0.134,0.112,-12.92,0.173,174.088,4,1/17/2020,1/24/2020
ROXANNE,ROXANNE,Arizona Zervas,10/10/2019,163636,88,0.621,0.0522,0.621,0.601,0,0.46,-5.616,0.148,116.735,5,1/17/2020,1/24/2020
Blue World,Circles,Mac Miller,1/17/2020,209440,76,0.742,0.389,0.742,0.553,0,0.0694,-8.98,0.419,84.931,4,1/17/2020,1/24/2020
BOP,KIRK,DaBaby,9/27/2019,159714,85,0.769,0.189,0.769,0.787,0,0.129,-3.909,0.367,126.77,4,1/17/2020,1/24/2020
Suicidal,Melly vs. Melvin,YNW Melly,11/22/2019,222997,81,0.735,0.334,0.735,0.369,0,0.126,-9.682,0.0688,140.004,4,1/17/2020,1/24/2020
Circles,Hollywood's Bleeding,Post Malone,9/6/2019,215280,90,0.695,0.192,0.695,0.762,0.00244,0.0863,-3.497,0.0395,120.042,4,1/17/2020,1/24/2020
Falling,Falling,Trevor Daniel,10/5/2018,159381,87,0.785,0.123,0.785,0.431,0,0.0887,-8.756,0.0364,127.085,4,1/17/2020,1/24/2020
The Box,Please Excuse Me For Being Antisocial,Roddy Ricch,12/6/2019,196652,90,0.896,0.104,0.896,0.586,0,0.79,-6.687,0.0559,116.971,4,1/24/2020,1/31/2020
Life Is Good (feat. Drake),Life Is Good (feat. Drake),Future,1/10/2020,237735,86,0.676,0.0706,0.676,0.609,0,0.152,-5.831,0.481,142.037,4,1/24/2020,1/31/2020
Godzilla (feat. Juice WRLD),Music To Be Murdered By,Eminem,1/17/2020,210800,87,0.808,0.145,0.808,0.745,0,0.292,-5.26,0.342,165.995,4,1/24/2020,1/31/2020
ROXANNE,ROXANNE,Arizona Zervas,10/10/2019,163636,88,0.621,0.0522,0.621,0.601,0,0.46,-5.616,0.148,116.735,5,1/24/2020,1/31/2020
BOP,KIRK,DaBaby,9/27/2019,159714,85,0.769,0.189,0.769,0.787,0,0.129,-3.909,0.367,126.77,4,1/24/2020,1/31/2020
Suicidal,Melly vs. Melvin,YNW Melly,11/22/2019,222997,81,0.735,0.334,0.735,0.369,0,0.126,-9.682,0.0688,140.004,4,1/24/2020,1/31/2020
Falling,Falling,Trevor Daniel,10/5/2018,159381,87,0.785,0.123,0.785,0.431,0,0.0887,-8.756,0.0364,127.085,4,1/24/2020,1/31/2020
Blinding Lights,Blinding Lights,The Weeknd,11/29/2019,201573,26,0.513,0.00147,0.513,0.796,0.000209,0.0938,-4.075,0.0629,171.017,4,1/24/2020,1/31/2020
everything i wanted,everything i wanted,Billie Eilish,11/13/2019,245425,88,0.704,0.902,0.704,0.225,0.657,0.106,-14.454,0.0994,120.006,4,1/24/2020,1/31/2020
Circles,Hollywood's Bleeding,Post Malone,9/6/2019,215280,90,0.695,0.192,0.695,0.762,0.00244,0.0863,-3.497,0.0395,120.042,4,1/24/2020,1/31/2020
The Box,Please Excuse Me For Being Antisocial,Roddy Ricch,12/6/2019,196652,90,0.896,0.104,0.896,0.586,0,0.79,-6.687,0.0559,116.971,4,1/31/2020,2/7/2020
Life Is Good (feat. Drake),Life Is Good (feat. Drake),Future,1/10/2020,237735,86,0.676,0.0706,0.676,0.609,0,0.152,-5.831,0.481,142.037,4,1/31/2020,2/7/2020
Godzilla (feat. Juice WRLD),Music To Be Murdered By,Eminem,1/17/2020,210800,87,0.808,0.145,0.808,0.745,0,0.292,-5.26,0.342,165.995,4,1/31/2020,2/7/2020
ROXANNE,ROXANNE,Arizona Zervas,10/10/2019,163636,88,0.621,0.0522,0.621,0.601,0,0.46,-5.616,0.148,116.735,5,1/31/2020,2/7/2020
Blinding Lights,Blinding Lights,The Weeknd,11/29/2019,201573,26,0.513,0.00147,0.513,0.796,0.000209,0.0938,-4.075,0.0629,171.017,4,1/31/2020,2/7/2020
Falling,Falling,Trevor Daniel,10/5/2018,159381,87,0.785,0.123,0.785,0.431,0,0.0887,-8.756,0.0364,127.085,4,1/31/2020,2/7/2020
Circles,Hollywood's Bleeding,Post Malone,9/6/2019,215280,90,0.695,0.192,0.695,0.762,0.00244,0.0863,-3.497,0.0395,120.042,4,1/31/2020,2/7/2020
everything i wanted,everything i wanted,Billie Eilish,11/13/2019,245425,88,0.704,0.902,0.704,0.225,0.657,0.106,-14.454,0.0994,120.006,4,1/31/2020,2/7/2020
Suicidal,Melly vs. Melvin,YNW Melly,11/22/2019,222997,81,0.735,0.334,0.735,0.369,0,0.126,-9.682,0.0688,140.004,4,1/31/2020,2/7/2020
High Fashion (feat. Mustard),Please Excuse Me For Being Antisocial,Roddy Ricch,12/6/2019,220486,83,0.831,0.269,0.831,0.499,0,0.3,-8.442,0.114,97.956,4,1/31/2020,2/7/2020
The Box,Please Excuse Me For Being Antisocial,Roddy Ricch,12/6/2019,196652,90,0.896,0.104,0.896,0.586,0,0.79,-6.687,0.0559,116.971,4,2/7/2020,2/14/2020
Life Is Good (feat. Drake),Life Is Good (feat. Drake),Future,1/10/2020,237735,86,0.676,0.0706,0.676,0.609,0,0.152,-5.831,0.481,142.037,4,2/7/2020,2/14/2020
Intentions,Intentions,Justin Bieber,2/7/2020,212868,83,0.811,0.317,0.811,0.553,0,0.105,-6.644,0.0552,148.014,4,2/7/2020,2/14/2020
ROXANNE,ROXANNE,Arizona Zervas,10/10/2019,163636,88,0.621,0.0522,0.621,0.601,0,0.46,-5.616,0.148,116.735,5,2/7/2020,2/14/2020
High Fashion (feat. Mustard),Please Excuse Me For Being Antisocial,Roddy Ricch,12/6/2019,220486,83,0.831,0.269,0.831,0.499,0,0.3,-8.442,0.114,97.956,4,2/7/2020,2/14/2020
Blinding Lights,Blinding Lights,The Weeknd,11/29/2019,201573,26,0.513,0.00147,0.513,0.796,0.000209,0.0938,-4.075,0.0629,171.017,4,2/7/2020,2/14/2020
Godzilla (feat. Juice WRLD),Music To Be Murdered By,Eminem,1/17/2020,210800,87,0.808,0.145,0.808,0.745,0,0.292,-5.26,0.342,165.995,4,2/7/2020,2/14/2020
Falling,Falling,Trevor Daniel,10/5/2018,159381,87,0.785,0.123,0.785,0.431,0,0.0887,-8.756,0.0364,127.085,4,2/7/2020,2/14/2020
Don't Start Now,Don't Start Now,Dua Lipa,10/31/2019,183290,87,0.794,0.0125,0.794,0.793,0,0.0952,-4.521,0.0842,123.941,4,2/7/2020,2/14/2020
Circles,Hollywood's Bleeding,Post Malone,9/6/2019,215280,90,0.695,0.192,0.695,0.762,0.00244,0.0863,-3.497,0.0395,120.042,4,2/7/2020,2/14/2020
The Box,Please Excuse Me For Being Antisocial,Roddy Ricch,12/6/2019,196652,90,0.896,0.104,0.896,0.586,0,0.79,-6.687,0.0559,116.971,4,2/14/2020,2/21/2020
Intentions (feat. Quavo),Changes,Justin Bieber,2/14/2020,212866,83,0.806,0.3,0.806,0.546,0,0.102,-6.637,0.0575,147.986,4,2/14/2020,2/21/2020
Life Is Good (feat. Drake),Life Is Good (feat. Drake),Future,1/10/2020,237735,86,0.676,0.0706,0.676,0.609,0,0.152,-5.831,0.481,142.037,4,2/14/2020,2/21/2020
No Time To Die,No Time To Die,Billie Eilish,2/13/2020,242265,82,0.38,0.917,0.38,0.219,0.0104,0.0827,-13.273,0.0358,73.537,4,2/14/2020,2/21/2020
Blinding Lights,Blinding Lights,The Weeknd,11/29/2019,201573,26,0.513,0.00147,0.513,0.796,0.000209,0.0938,-4.075,0.0629,171.017,4,2/14/2020,2/21/2020
ROXANNE,ROXANNE,Arizona Zervas,10/10/2019,163636,88,0.621,0.0522,0.621,0.601,0,0.46,-5.616,0.148,116.735,5,2/14/2020,2/21/2020
Forever (feat. Post Malone & Clever),Changes,Justin Bieber,2/14/2020,219933,75,0.825,0.538,0.825,0.483,1.48E-05,0.204,-5.746,0.08,139.98,4,2/14/2020,2/21/2020
Blueberry Faygo,Blueberry Faygo,Lil Mosey,2/7/2020,162546,85,0.774,0.207,0.774,0.554,0,0.132,-7.909,0.0383,99.034,4,2/14/2020,2/21/2020
High Fashion (feat. Mustard),Please Excuse Me For Being Antisocial,Roddy Ricch,12/6/2019,220486,83,0.831,0.269,0.831,0.499,0,0.3,-8.442,0.114,97.956,4,2/14/2020,2/21/2020
Falling,Falling,Trevor Daniel,10/5/2018,159381,87,0.785,0.123,0.785,0.431,0,0.0887,-8.756,0.0364,127.085,4,2/14/2020,2/21/2020
